"Date","Price","Open","High","Low","Vol.","Change %"
"09/20/2024","3,690","3,670","3,740","3,640","152.24M","0.82%"
"09/19/2024","3,660","3,660","3,700","3,580","127.74M","0.27%"
"09/18/2024","3,650","3,760","3,780","3,640","101.84M","-2.93%"
"09/17/2024","3,760","3,670","3,780","3,570","136.51M","2.45%"
"09/13/2024","3,670","3,840","3,840","3,660","208.79M","-4.68%"
"09/12/2024","3,850","3,920","4,050","3,800","531.57M","9.38%"
"09/11/2024","3,520","3,490","3,530","3,470","81.32M","0.86%"
"09/10/2024","3,490","3,490","3,560","3,440","74.74M","0.00%"
"09/09/2024","3,490","3,470","3,500","3,390","82.18M","0.58%"
"09/06/2024","3,470","3,530","3,540","3,460","45.22M","-2.25%"
"09/05/2024","3,550","3,560","3,570","3,460","64.91M","-0.28%"
"09/04/2024","3,560","3,540","3,630","3,490","73.57M","-1.11%"
"09/03/2024","3,600","3,610","3,630","3,560","45.07M","-0.28%"
"09/02/2024","3,610","3,590","3,650","3,570","96.35M","1.40%"
"08/30/2024","3,560","3,540","3,590","3,510","95.77M","1.14%"
"08/29/2024","3,520","3,540","3,590","3,500","63.22M","-0.28%"
"08/28/2024","3,530","3,550","3,560","3,500","50.93M","0.28%"
"08/27/2024","3,520","3,510","3,570","3,460","66.09M","0.86%"
"08/26/2024","3,490","3,490","3,500","3,430","50.56M","0.58%"
"08/23/2024","3,470","3,370","3,480","3,370","118.01M","3.27%"
"08/22/2024","3,360","3,240","3,390","3,200","113.36M","3.07%"
"08/21/2024","3,260","3,280","3,300","3,240","40.80M","-0.31%"
"08/20/2024","3,270","3,280","3,290","3,240","28.24M","-0.30%"
"08/19/2024","3,280","3,270","3,300","3,240","27.88M","0.00%"
"08/16/2024","3,280","3,230","3,300","3,230","75.45M","2.18%"
"08/15/2024","3,210","3,220","3,220","3,170","35.27M","-0.31%"
"08/14/2024","3,220","3,230","3,240","3,200","32.40M","-0.31%"
"08/13/2024","3,230","3,250","3,270","3,190","57.59M","-0.31%"
"08/12/2024","3,240","3,190","3,240","3,180","55.56M","1.89%"
"08/09/2024","3,180","3,210","3,220","3,150","38.36M","-0.31%"
"08/08/2024","3,190","3,210","3,230","3,160","33.58M","-1.24%"
"08/07/2024","3,230","3,210","3,270","3,200","52.50M","1.57%"
"08/06/2024","3,180","3,160","3,200","3,080","92.35M","2.91%"
"08/05/2024","3,090","3,270","3,270","3,070","136.21M","-6.93%"
"08/02/2024","3,320","3,240","3,370","3,230","72.66M","2.15%"
"08/01/2024","3,250","3,220","3,250","3,170","36.35M","0.93%"
"07/31/2024","3,220","3,250","3,270","3,200","44.87M","-0.31%"
"07/30/2024","3,230","3,200","3,250","3,180","46.60M","1.57%"
"07/29/2024","3,180","3,180","3,220","3,170","27.18M","0.00%"
"07/26/2024","3,180","3,150","3,190","3,130","26.61M","1.60%"
"07/25/2024","3,130","3,160","3,200","3,120","32.06M","-1.26%"
"07/24/2024","3,170","3,140","3,190","3,120","34.90M","1.28%"
"07/23/2024","3,130","3,190","3,240","3,130","33.53M","-1.88%"
"07/22/2024","3,190","3,100","3,230","3,100","67.92M","2.90%"
"07/19/2024","3,100","3,040","3,150","3,040","112.25M","2.31%"
"07/18/2024","3,030","2,890","3,040","2,870","103.27M","4.48%"
"07/17/2024","2,900","2,890","2,910","2,870","30.25M","1.05%"
"07/16/2024","2,870","2,900","2,900","2,850","15.56M","0.00%"
"07/15/2024","2,870","2,830","2,870","2,830","28.32M","1.41%"
"07/12/2024","2,830","2,850","2,860","2,800","33.01M","-1.05%"
"07/11/2024","2,860","2,900","2,900","2,860","14.11M","-1.38%"
"07/10/2024","2,900","2,900","2,930","2,880","15.58M","0.00%"
"07/09/2024","2,900","2,910","2,920","2,880","33.91M","0.00%"
"07/08/2024","2,900","2,910","2,910","2,880","19.29M","-0.34%"
"07/05/2024","2,910","2,870","2,910","2,860","19.04M","1.75%"
"07/04/2024","2,860","2,900","2,910","2,860","21.48M","-1.04%"
"07/03/2024","2,890","2,850","2,920","2,840","37.20M","1.76%"
"07/02/2024","2,840","2,800","2,860","2,800","23.64M","1.43%"
"07/01/2024","2,800","2,790","2,840","2,760","20.22M","0.36%"
"06/28/2024","2,790","2,750","2,800","2,750","29.76M","1.45%"
"06/27/2024","2,750","2,750","2,780","2,720","24.92M","0.00%"
"06/26/2024","2,750","2,710","2,760","2,700","18.96M","1.48%"
"06/25/2024","2,710","2,710","2,720","2,680","17.17M","-0.37%"
"06/24/2024","2,720","2,730","2,740","2,700","15.50M","-0.37%"
"06/21/2024","2,730","2,730","2,780","2,720","43.67M","0.00%"
"06/20/2024","2,730","2,690","2,730","2,660","18.17M","2.63%"
"06/19/2024","2,660","2,780","2,790","2,640","45.62M","-4.32%"
"06/14/2024","2,780","2,810","2,810","2,740","23.15M","0.00%"
"06/13/2024","2,780","2,820","2,830","2,750","23.16M","-0.36%"
"06/12/2024","2,790","2,740","2,810","2,730","41.92M","2.57%"
"06/11/2024","2,720","2,750","2,770","2,720","27.03M","-1.09%"
"06/10/2024","2,750","2,840","2,850","2,710","48.41M","-3.17%"
"06/07/2024","2,840","2,850","2,890","2,820","25.35M","-0.35%"
"06/06/2024","2,850","2,880","2,880","2,820","24.30M","-0.70%"
"06/05/2024","2,870","2,900","2,910","2,840","41.11M","-1.71%"
"06/04/2024","2,920","2,900","2,940","2,850","64.39M","-0.34%"
"06/03/2024","2,930","2,800","2,930","2,800","84.42M","5.78%"
"05/31/2024","2,770","2,750","2,810","2,730","95.44M","1.09%"
"05/30/2024","2,740","2,680","2,770","2,680","47.28M","2.24%"
"05/29/2024","2,680","2,690","2,710","2,660","23.08M","-0.37%"
"05/28/2024","2,690","2,600","2,710","2,600","85.17M","-6.27%"
"05/27/2024","2,870","2,920","2,940","2,860","70.61M","-1.71%"
"05/22/2024","2,920","2,900","2,920","2,850","31.39M","1.39%"
"05/21/2024","2,880","2,910","2,950","2,870","41.19M","-1.03%"
"05/20/2024","2,910","2,880","2,920","2,860","27.29M","1.04%"
"05/17/2024","2,880","2,890","2,900","2,840","28.09M","0.00%"
"05/16/2024","2,880","2,840","2,890","2,840","33.45M","1.77%"
"05/15/2024","2,830","2,890","2,960","2,830","44.48M","-1.74%"
"05/14/2024","2,880","2,950","2,950","2,870","26.63M","-2.37%"
"05/13/2024","2,950","2,870","2,970","2,850","64.34M","2.79%"
"05/08/2024","2,870","2,810","2,870","2,810","43.53M","2.14%"
"05/07/2024","2,810","2,850","2,860","2,790","25.68M","-1.40%"
"05/06/2024","2,850","2,760","2,850","2,730","56.51M","4.40%"
"05/03/2024","2,730","2,730","2,740","2,700","20.54M","0.00%"
"05/02/2024","2,730","2,720","2,770","2,680","49.49M","0.74%"
"04/30/2024","2,710","2,680","2,740","2,650","24.50M","1.50%"
"04/29/2024","2,670","2,630","2,680","2,550","27.69M","2.69%"
"04/26/2024","2,600","2,620","2,670","2,600","28.06M","-0.76%"
"04/25/2024","2,620","2,670","2,690","2,610","32.56M","-2.24%"
"04/24/2024","2,680","2,750","2,770","2,660","39.04M","-2.55%"
"04/23/2024","2,750","2,750","2,800","2,740","19.35M","0.00%"
"04/22/2024","2,750","2,770","2,800","2,750","30.19M","-0.36%"
"04/19/2024","2,760","2,740","2,790","2,710","48.53M","1.10%"
"04/18/2024","2,730","2,770","2,770","2,710","34.87M","-0.73%"
"04/17/2024","2,750","2,810","2,830","2,750","40.04M","-2.14%"
"04/16/2024","2,810","2,740","2,840","2,730","136.39M","4.07%"
"04/05/2024","2,700","2,690","2,720","2,670","15.33M","0.37%"
"04/04/2024","2,690","2,670","2,720","2,650","23.23M","0.37%"
"04/03/2024","2,680","2,690","2,720","2,660","34.36M","-0.37%"
"04/02/2024","2,690","2,640","2,690","2,620","27.77M","1.89%"
"04/01/2024","2,640","2,700","2,700","2,610","31.69M","-2.22%"
"03/28/2024","2,700","2,740","2,760","2,660","56.47M","-0.74%"
"03/27/2024","2,720","2,740","2,760","2,710","31.91M","-0.73%"
"03/26/2024","2,740","2,680","2,750","2,670","49.69M","2.62%"
"03/25/2024","2,670","2,650","2,670","2,650","34.64M","0.75%"
"03/22/2024","2,650","2,650","2,680","2,650","25.90M","0.00%"
"03/21/2024","2,650","2,650","2,700","2,630","37.14M","0.00%"
"03/20/2024","2,650","2,630","2,660","2,610","22.77M","0.76%"
"03/19/2024","2,630","2,630","2,660","2,620","22.19M","0.00%"
"03/18/2024","2,630","2,650","2,670","2,630","25.31M","-1.13%"
"03/15/2024","2,660","2,670","2,670","2,610","168.79M","-0.37%"
"03/14/2024","2,670","2,600","2,670","2,600","42.98M","2.69%"
"03/13/2024","2,600","2,670","2,670","2,590","51.87M","-2.62%"
"03/08/2024","2,670","2,700","2,720","2,660","33.23M","-1.11%"
"03/07/2024","2,700","2,670","2,730","2,640","77.03M","1.12%"
"03/06/2024","2,670","2,630","2,700","2,590","91.55M","1.52%"
"03/05/2024","2,630","2,550","2,630","2,550","84.97M","3.54%"
"03/04/2024","2,540","2,520","2,550","2,500","72.48M","2.01%"
"03/01/2024","2,490","2,450","2,490","2,430","60.14M","2.89%"
"02/29/2024","2,420","2,410","2,420","2,390","38.75M","0.83%"
"02/28/2024","2,400","2,390","2,410","2,380","25.90M","0.84%"
"02/27/2024","2,380","2,400","2,410","2,360","36.58M","0.42%"
"02/26/2024","2,370","2,420","2,420","2,360","53.68M","-2.07%"
"02/23/2024","2,420","2,440","2,450","2,410","15.47M","-0.82%"
"02/22/2024","2,440","2,420","2,440","2,390","28.11M","0.83%"
"02/21/2024","2,420","2,430","2,440","2,400","28.21M","-0.41%"
"02/20/2024","2,430","2,440","2,470","2,400","58.00M","0.00%"
"02/19/2024","2,430","2,510","2,510","2,430","35.03M","-3.57%"
"02/16/2024","2,520","2,520","2,530","2,490","31.49M","0.40%"
"02/15/2024","2,510","2,550","2,570","2,480","55.07M","1.21%"
"02/13/2024","2,480","2,470","2,490","2,460","18.44M","0.40%"
"02/12/2024","2,470","2,460","2,490","2,450","26.14M","0.41%"
"02/07/2024","2,460","2,460","2,470","2,440","24.85M","0.00%"
"02/06/2024","2,460","2,450","2,470","2,440","32.86M","1.23%"
"02/05/2024","2,430","2,420","2,470","2,420","31.43M","0.41%"
"02/02/2024","2,420","2,420","2,440","2,390","41.24M","0.00%"
"02/01/2024","2,420","2,420","2,450","2,390","32.99M","0.83%"
"01/31/2024","2,400","2,410","2,450","2,390","28.21M","0.42%"
"01/30/2024","2,390","2,390","2,400","2,360","29.38M","-0.42%"
"01/29/2024","2,400","2,380","2,410","2,370","25.86M","0.84%"
"01/26/2024","2,380","2,360","2,390","2,330","35.85M","0.85%"
"01/25/2024","2,360","2,340","2,380","2,340","33.79M","0.85%"
"01/24/2024","2,340","2,350","2,380","2,320","36.03M","-0.43%"
"01/23/2024","2,350","2,400","2,410","2,320","80.57M","-2.08%"
"01/22/2024","2,400","2,430","2,440","2,390","42.38M","-1.23%"
"01/19/2024","2,430","2,460","2,480","2,430","33.06M","-1.22%"
"01/18/2024","2,460","2,490","2,490","2,450","26.52M","-1.20%"
"01/17/2024","2,490","2,500","2,520","2,470","23.99M","-0.40%"
"01/16/2024","2,500","2,510","2,520","2,480","24.46M","-0.40%"
"01/15/2024","2,510","2,480","2,530","2,480","41.52M","1.21%"
"01/12/2024","2,480","2,450","2,480","2,440","36.98M","1.22%"
"01/11/2024","2,450","2,460","2,460","2,440","21.33M","-0.41%"
"01/10/2024","2,460","2,460","2,460","2,440","22.87M","1.23%"
"01/09/2024","2,430","2,450","2,460","2,410","37.61M","-0.41%"
"01/08/2024","2,440","2,450","2,490","2,430","61.50M","0.00%"
"01/05/2024","2,440","2,490","2,490","2,440","47.60M","-0.81%"
"01/04/2024","2,460","2,420","2,470","2,420","67.10M","2.07%"
"01/03/2024","2,410","2,460","2,460","2,410","71.64M","-3.21%"
"01/02/2024","2,490","2,380","2,490","2,380","75.82M","4.62%"
"12/29/2023","2,380","2,410","2,430","2,370","124.78M","-7.75%"
"12/28/2023","2,580","2,600","2,610","2,560","84.32M","-0.39%"
"12/27/2023","2,590","2,600","2,630","2,580","59.50M","0.00%"
"12/22/2023","2,590","2,600","2,610","2,580","29.26M","-0.38%"
"12/21/2023","2,600","2,580","2,610","2,570","34.19M","0.78%"
"12/20/2023","2,580","2,600","2,640","2,580","51.47M","-0.77%"
"12/19/2023","2,600","2,580","2,620","2,570","69.88M","3.59%"
"12/18/2023","2,510","2,530","2,550","2,470","25.32M","-0.40%"
"12/15/2023","2,520","2,490","2,570","2,490","52.88M","1.20%"
"12/14/2023","2,490","2,460","2,510","2,440","26.27M","1.63%"
"12/13/2023","2,450","2,510","2,510","2,430","51.01M","-3.92%"
"12/12/2023","2,550","2,560","2,570","2,520","21.61M","-0.39%"
"12/11/2023","2,560","2,580","2,600","2,530","30.84M","0.00%"
"12/08/2023","2,560","2,570","2,600","2,550","41.61M","1.19%"
"12/07/2023","2,530","2,560","2,600","2,500","40.97M","0.00%"
"12/06/2023","2,530","2,510","2,540","2,500","18.07M","0.80%"
"12/05/2023","2,510","2,570","2,580","2,490","42.48M","-1.95%"
"12/04/2023","2,560","2,580","2,610","2,550","24.50M","0.00%"
"12/01/2023","2,560","2,640","2,650","2,550","35.01M","-2.29%"
"11/30/2023","2,620","2,590","2,620","2,570","45.14M","1.55%"
"11/29/2023","2,580","2,590","2,610","2,560","15.11M","0.00%"
"11/28/2023","2,580","2,560","2,620","2,560","19.68M","1.18%"
"11/27/2023","2,550","2,540","2,600","2,540","19.84M","0.39%"
"11/24/2023","2,540","2,550","2,580","2,510","32.01M","-0.39%"
"11/23/2023","2,550","2,600","2,610","2,530","24.57M","-1.54%"
"11/22/2023","2,590","2,610","2,620","2,570","22.39M","-0.77%"
"11/21/2023","2,610","2,540","2,610","2,540","31.76M","2.35%"
"11/20/2023","2,550","2,550","2,560","2,530","17.97M","0.39%"
"11/17/2023","2,540","2,500","2,550","2,500","17.83M","0.40%"
"11/16/2023","2,530","2,510","2,530","2,470","24.41M","0.80%"
"11/15/2023","2,510","2,520","2,560","2,490","33.97M","1.21%"
"11/14/2023","2,480","2,480","2,520","2,450","37.33M","0.00%"
"11/13/2023","2,480","2,490","2,510","2,450","22.02M","0.00%"
"11/10/2023","2,480","2,450","2,510","2,450","29.15M","1.22%"
"11/09/2023","2,450","2,480","2,500","2,440","37.03M","0.41%"
"11/08/2023","2,440","2,460","2,470","2,410","32.01M","-1.21%"
"11/07/2023","2,470","2,500","2,510","2,410","54.81M","-2.37%"
"11/06/2023","2,530","2,500","2,540","2,500","38.07M","1.61%"
"11/03/2023","2,490","2,420","2,510","2,420","52.74M","4.18%"
"11/02/2023","2,390","2,420","2,470","2,380","52.05M","-0.83%"
"11/01/2023","2,410","2,500","2,500","2,400","78.76M","-5.86%"
"10/31/2023","2,560","2,520","2,600","2,430","61.73M","0.79%"
"10/30/2023","2,540","2,640","2,640","2,520","43.32M","-3.79%"
"10/27/2023","2,640","2,660","2,680","2,620","28.71M","-0.38%"
"10/26/2023","2,650","2,660","2,670","2,610","26.03M","-0.75%"
"10/25/2023","2,670","2,660","2,700","2,640","35.18M","0.38%"
"10/24/2023","2,660","2,640","2,690","2,630","39.30M","0.00%"
"10/23/2023","2,660","2,780","2,790","2,650","69.22M","-5.00%"
"10/20/2023","2,800","2,830","2,830","2,760","50.57M","-0.71%"
"10/19/2023","2,820","2,840","2,860","2,800","57.24M","-0.70%"
"10/18/2023","2,840","2,750","2,880","2,730","86.68M","2.53%"
"10/17/2023","2,770","2,770","2,780","2,750","22.75M","-0.36%"
"10/16/2023","2,780","2,750","2,790","2,730","41.08M","2.58%"
"10/13/2023","2,710","2,730","2,740","2,690","18.96M","0.74%"
"10/12/2023","2,690","2,760","2,760","2,690","41.05M","-2.54%"
"10/11/2023","2,760","2,800","2,820","2,760","26.30M","-0.72%"
"10/10/2023","2,780","2,820","2,840","2,770","49.41M","0.36%"
"10/09/2023","2,770","2,690","2,800","2,690","58.70M","4.53%"
"10/06/2023","2,650","2,600","2,670","2,600","20.29M","1.53%"
"10/05/2023","2,610","2,640","2,670","2,600","37.85M","-1.88%"
"10/04/2023","2,660","2,670","2,670","2,620","57.43M","-1.12%"
"10/03/2023","2,690","2,780","2,780","2,690","90.33M","-4.27%"
"10/02/2023","2,810","2,830","2,830","2,780","31.88M","-1.40%"
"09/29/2023","2,850","2,900","2,900","2,840","24.48M","-0.70%"
"09/27/2023","2,870","2,770","2,900","2,770","61.45M","3.61%"
"09/26/2023","2,770","2,960","2,970","2,750","107.38M","-6.10%"
"09/25/2023","2,950","2,950","2,980","2,940","32.54M","0.00%"
"09/22/2023","2,950","2,930","2,960","2,920","27.13M","0.00%"
"09/21/2023","2,950","2,960","2,970","2,920","37.55M","-0.34%"
"09/20/2023","2,960","2,930","2,990","2,910","93.05M","2.07%"
"09/19/2023","2,900","2,860","2,920","2,820","64.48M","2.11%"
"09/18/2023","2,840","2,850","2,870","2,810","46.63M","0.00%"
"09/15/2023","2,840","2,910","2,910","2,840","55.26M","-2.41%"
"09/14/2023","2,910","2,900","2,940","2,890","58.32M","1.75%"
"09/13/2023","2,860","2,830","2,870","2,820","38.99M","1.78%"
"09/12/2023","2,810","2,820","2,850","2,790","52.99M","0.36%"
"09/11/2023","2,800","2,900","2,920","2,790","64.75M","-3.11%"
"09/08/2023","2,890","2,880","2,940","2,860","58.38M","0.35%"
"09/07/2023","2,880","2,870","2,930","2,800","105.82M","0.35%"
"09/06/2023","2,870","2,790","2,890","2,790","107.69M","4.74%"
"09/05/2023","2,740","2,750","2,780","2,730","37.11M","0.00%"
"09/04/2023","2,740","2,690","2,760","2,690","48.91M","2.24%"
"09/01/2023","2,680","2,680","2,720","2,670","22.63M","0.37%"
"08/31/2023","2,670","2,680","2,690","2,650","37.32M","-0.74%"
"08/30/2023","2,690","2,710","2,730","2,660","37.46M","0.37%"
"08/29/2023","2,680","2,710","2,730","2,670","35.74M","0.00%"
"08/28/2023","2,680","2,610","2,710","2,610","49.36M","3.47%"
"08/25/2023","2,590","2,670","2,670","2,590","46.00M","-3.00%"
"08/24/2023","2,670","2,680","2,730","2,640","57.29M","-1.11%"
"08/23/2023","2,700","2,730","2,780","2,700","86.18M","0.00%"
"08/22/2023","2,700","2,620","2,720","2,620","102.56M","3.05%"
"08/21/2023","2,620","2,560","2,620","2,550","77.67M","3.15%"
"08/18/2023","2,540","2,520","2,560","2,480","47.31M","0.79%"
"08/16/2023","2,520","2,510","2,540","2,490","45.09M","0.40%"
"08/15/2023","2,510","2,410","2,530","2,400","99.08M","5.02%"
"08/14/2023","2,390","2,360","2,410","2,330","36.90M","1.70%"
"08/11/2023","2,350","2,410","2,420","2,350","35.51M","-2.49%"
"08/10/2023","2,410","2,430","2,440","2,400","43.31M","0.42%"
"08/09/2023","2,400","2,390","2,400","2,370","22.56M","1.27%"
"08/08/2023","2,370","2,400","2,420","2,370","28.44M","-0.42%"
"08/07/2023","2,380","2,400","2,400","2,360","20.60M","-0.83%"
"08/04/2023","2,400","2,390","2,440","2,390","26.48M","1.69%"
"08/03/2023","2,360","2,370","2,390","2,350","18.91M","-0.42%"
"08/02/2023","2,370","2,380","2,380","2,340","21.77M","-0.84%"
"08/01/2023","2,390","2,410","2,410","2,370","23.57M","-0.83%"
"07/31/2023","2,410","2,470","2,470","2,380","64.74M","-2.43%"
"07/28/2023","2,470","2,440","2,480","2,410","40.85M","0.82%"
"07/27/2023","2,450","2,500","2,500","2,440","37.91M","-2.00%"
"07/26/2023","2,500","2,460","2,510","2,450","96.76M","2.88%"
"07/25/2023","2,430","2,480","2,520","2,430","82.67M","-1.62%"
"07/24/2023","2,470","2,420","2,480","2,400","97.27M","2.07%"
"07/21/2023","2,420","2,380","2,430","2,380","70.95M","2.11%"
"07/20/2023","2,370","2,350","2,380","2,350","33.29M","1.72%"
"07/18/2023","2,330","2,390","2,390","2,320","25.23M","-2.10%"
"07/17/2023","2,380","2,380","2,410","2,380","26.06M","0.85%"
"07/14/2023","2,360","2,320","2,360","2,320","31.42M","1.72%"
"07/13/2023","2,320","2,350","2,350","2,280","42.30M","-2.11%"
"07/12/2023","2,370","2,430","2,430","2,370","28.40M","-2.47%"
"07/11/2023","2,430","2,400","2,440","2,390","31.87M","0.41%"
"07/10/2023","2,420","2,380","2,420","2,370","20.34M","1.68%"
"07/07/2023","2,380","2,410","2,420","2,370","32.12M","-2.86%"
"07/06/2023","2,450","2,420","2,460","2,410","41.83M","1.24%"
"07/05/2023","2,420","2,350","2,440","2,350","71.36M","3.42%"
"07/04/2023","2,340","2,320","2,350","2,310","20.36M","0.43%"
"07/03/2023","2,330","2,270","2,340","2,260","59.22M","4.48%"
"06/27/2023","2,230","2,210","2,260","2,210","24.64M","0.90%"
"06/26/2023","2,210","2,230","2,240","2,190","25.27M","-0.90%"
"06/23/2023","2,230","2,280","2,280","2,230","20.70M","-1.33%"
"06/22/2023","2,260","2,250","2,310","2,250","38.51M","0.00%"
"06/21/2023","2,260","2,270","2,290","2,250","29.84M","-0.44%"
"06/20/2023","2,270","2,260","2,290","2,250","24.64M","0.44%"
"06/19/2023","2,260","2,300","2,300","2,250","26.43M","-2.59%"
"06/16/2023","2,320","2,350","2,350","2,300","90.16M","0.87%"
"06/15/2023","2,300","2,250","2,330","2,220","75.70M","2.22%"
"06/14/2023","2,250","2,210","2,260","2,200","43.32M","1.81%"
"06/13/2023","2,210","2,190","2,220","2,150","47.91M","0.00%"
"06/12/2023","2,210","2,220","2,240","2,200","32.98M","0.91%"
"06/09/2023","2,190","2,210","2,230","2,170","36.49M","-0.45%"
"06/08/2023","2,200","2,190","2,210","2,160","46.85M","1.38%"
"06/07/2023","2,170","2,200","2,200","2,140","61.60M","-2.25%"
"06/06/2023","2,220","2,200","2,230","2,160","106.68M","5.71%"
"06/05/2023","2,100","2,090","2,170","2,080","119.85M","2.94%"
"05/31/2023","2,040","2,070","2,090","2,010","126.83M","-3.32%"
"05/30/2023","2,110","2,070","2,150","2,060","69.70M","1.93%"
"05/29/2023","2,070","2,120","2,130","2,010","80.22M","-0.96%"
"05/26/2023","2,090","2,090","2,170","2,080","81.57M","-1.42%"
"05/25/2023","2,120","2,200","2,200","2,120","120.10M","-5.78%"
"05/24/2023","2,250","2,220","2,310","2,220","102.34M","-1.75%"
"05/23/2023","2,290","2,290","2,290","2,290","24.03M","-6.91%"
"05/22/2023","2,460","2,450","2,490","2,410","193.55M","2.07%"
"05/19/2023","2,410","2,520","2,540","2,380","163.26M","-5.12%"
"05/17/2023","2,540","2,710","2,710","2,540","143.42M","-4.87%"
"05/16/2023","2,670","2,700","2,740","2,660","69.00M","0.38%"
"05/15/2023","2,660","2,780","2,790","2,630","110.82M","-3.62%"
"05/12/2023","2,760","2,800","2,800","2,750","56.04M","-1.43%"
"05/11/2023","2,800","2,920","2,950","2,760","209.59M","-4.76%"
"05/10/2023","2,940","2,900","2,970","2,900","84.61M","1.73%"
"05/09/2023","2,890","2,910","2,910","2,860","45.15M","0.70%"
"05/08/2023","2,870","2,810","2,930","2,810","65.77M","2.87%"
"05/05/2023","2,790","2,860","2,880","2,750","153.62M","-4.45%"
"05/04/2023","2,920","2,930","3,000","2,900","71.29M","-0.68%"
"05/03/2023","2,940","2,980","3,050","2,930","68.67M","-1.34%"
"05/02/2023","2,980","3,100","3,100","2,960","88.15M","-4.79%"
"04/28/2023","3,130","3,100","3,160","3,060","72.56M","1.62%"
"04/27/2023","3,080","3,100","3,110","3,050","43.14M","-0.65%"
"04/26/2023","3,100","3,040","3,130","3,020","104.62M","3.33%"
"04/18/2023","3,000","2,870","3,020","2,870","86.64M","4.90%"
"04/17/2023","2,860","2,920","2,950","2,860","47.85M","-2.05%"
"04/14/2023","2,920","2,960","2,990","2,920","41.10M","-1.35%"
"04/13/2023","2,960","2,960","3,010","2,950","50.72M","0.00%"
"04/12/2023","2,960","3,050","3,050","2,930","77.79M","-2.95%"
"04/11/2023","3,050","2,960","3,060","2,960","46.73M","2.01%"
"04/10/2023","2,990","3,020","3,060","2,970","27.73M","-0.99%"
"04/06/2023","3,020","3,060","3,120","3,020","71.79M","-1.31%"
"04/05/2023","3,060","3,040","3,070","3,000","54.63M","0.33%"
"04/04/2023","3,050","3,010","3,080","3,010","88.66M","3.74%"
"04/03/2023","2,940","2,940","3,020","2,940","95.23M","1.38%"
"03/31/2023","2,900","2,880","2,930","2,850","61.77M","1.05%"
"03/30/2023","2,870","2,900","2,920","2,850","72.22M","-0.35%"
"03/29/2023","2,880","2,810","2,910","2,800","103.71M","3.97%"
"03/28/2023","2,770","2,700","2,800","2,700","90.59M","3.36%"
"03/27/2023","2,680","2,710","2,740","2,670","54.23M","0.00%"
"03/24/2023","2,680","2,710","2,740","2,680","59.27M","-1.83%"
"03/21/2023","2,730","2,720","2,730","2,690","25.78M","0.37%"
"03/20/2023","2,720","2,760","2,780","2,710","27.19M","-2.16%"
"03/17/2023","2,780","2,650","2,780","2,650","111.78M","5.30%"
"03/16/2023","2,640","2,720","2,720","2,600","97.98M","-4.00%"
"03/15/2023","2,750","2,790","2,820","2,730","45.54M","-0.72%"
"03/14/2023","2,770","2,910","2,910","2,770","60.70M","-4.48%"
"03/13/2023","2,900","2,870","2,930","2,860","44.26M","1.40%"
"03/10/2023","2,860","2,900","2,900","2,850","29.03M","-1.38%"
"03/09/2023","2,900","2,950","2,950","2,900","42.65M","-0.68%"
"03/08/2023","2,920","2,840","2,920","2,810","70.51M","2.10%"
"03/07/2023","2,860","2,880","2,910","2,850","77.31M","-1.72%"
"03/06/2023","2,910","3,020","3,020","2,900","68.48M","-3.64%"
"03/03/2023","3,020","3,090","3,130","3,020","113.14M","1.00%"
"03/02/2023","2,990","3,000","3,030","2,970","50.99M","0.00%"
"03/01/2023","2,990","3,000","3,010","2,940","74.13M","0.00%"
"02/28/2023","2,990","2,940","3,040","2,910","141.40M","1.36%"
"02/27/2023","2,950","2,910","2,950","2,890","37.97M","2.08%"
"02/24/2023","2,890","2,930","2,960","2,880","74.15M","-0.34%"
"02/23/2023","2,900","2,880","2,950","2,870","80.59M","1.75%"
"02/22/2023","2,850","2,880","2,910","2,840","54.95M","1.06%"
"02/21/2023","2,820","2,860","2,900","2,820","57.58M","-2.76%"
"02/20/2023","2,900","2,870","2,910","2,820","67.56M","0.69%"
"02/17/2023","2,880","2,920","2,930","2,860","42.58M","-1.37%"
"02/16/2023","2,920","2,970","2,990","2,890","49.51M","-1.02%"
"02/15/2023","2,950","2,870","3,040","2,870","156.72M","4.24%"
"02/14/2023","2,830","2,790","2,850","2,770","45.25M","1.80%"
"02/13/2023","2,780","2,790","2,830","2,780","56.46M","1.46%"
"02/10/2023","2,740","2,750","2,780","2,710","73.21M","-3.52%"
"02/09/2023","2,840","2,860","2,890","2,820","56.38M","-2.74%"
"02/08/2023","2,920","2,900","2,940","2,870","50.69M","1.04%"
"02/07/2023","2,890","2,860","2,950","2,860","113.37M","3.96%"
"02/06/2023","2,780","2,760","2,840","2,720","80.91M","0.72%"
"02/03/2023","2,760","2,870","2,870","2,740","103.10M","-3.83%"
"02/02/2023","2,870","2,940","2,970","2,870","72.19M","-2.71%"
"02/01/2023","2,950","2,940","3,000","2,930","59.79M","-0.34%"
"01/31/2023","2,960","2,970","3,020","2,940","67.72M","-1.66%"
"01/30/2023","3,010","3,060","3,100","2,980","52.46M","-1.63%"
"01/27/2023","3,060","2,980","3,080","2,980","57.83M","1.66%"
"01/26/2023","3,010","3,050","3,070","2,990","84.03M","-3.83%"
"01/25/2023","3,130","3,190","3,190","3,120","39.57M","-2.19%"
"01/24/2023","3,200","3,240","3,250","3,170","33.04M","-1.23%"
"01/20/2023","3,240","3,250","3,260","3,210","46.13M","0.31%"
"01/19/2023","3,230","3,140","3,230","3,140","43.53M","1.89%"
"01/18/2023","3,170","3,160","3,230","3,150","61.82M","0.96%"
"01/17/2023","3,140","3,060","3,150","3,050","51.67M","1.29%"
"01/16/2023","3,100","3,120","3,130","3,090","22.71M","-1.27%"
"01/13/2023","3,140","3,120","3,150","3,110","49.59M","1.62%"
"01/12/2023","3,090","3,120","3,130","3,050","72.89M","-2.83%"
"01/11/2023","3,180","3,140","3,210","3,080","107.21M","1.27%"
"01/10/2023","3,140","3,040","3,140","2,980","140.62M","3.63%"
"01/09/2023","3,030","3,150","3,170","2,980","166.20M","-3.50%"
"01/06/2023","3,140","3,090","3,190","3,090","133.61M","1.29%"
"01/05/2023","3,100","3,250","3,270","3,080","225.48M","-6.06%"
"01/04/2023","3,300","3,540","3,560","3,300","166.71M","-6.25%"
"01/03/2023","3,520","3,590","3,590","3,500","95.73M","-1.95%"
"01/02/2023","3,590","3,610","3,650","3,590","77.68M","-6.75%"
"12/30/2022","3,850","3,810","3,870","3,770","98.38M","1.32%"
"12/29/2022","3,800","3,740","3,820","3,710","64.78M","1.33%"
"12/28/2022","3,750","3,760","3,770","3,700","59.54M","0.00%"
"12/27/2022","3,750","3,800","3,810","3,730","64.81M","-1.32%"
"12/26/2022","3,800","3,820","3,850","3,780","46.08M","-0.26%"
"12/23/2022","3,810","3,860","3,860","3,800","118.49M","-3.05%"
"12/22/2022","3,930","3,910","3,940","3,900","29.23M","0.26%"
"12/21/2022","3,920","3,890","3,930","3,880","36.51M","0.00%"
"12/20/2022","3,920","3,970","3,990","3,910","48.64M","-1.26%"
"12/19/2022","3,970","3,870","3,970","3,870","55.20M","2.06%"
"12/16/2022","3,890","3,870","3,920","3,850","51.49M","-0.26%"
"12/15/2022","3,900","3,890","3,970","3,850","66.04M","0.52%"
"12/14/2022","3,880","3,770","3,940","3,760","131.33M","3.74%"
"12/13/2022","3,740","3,790","3,790","3,740","45.08M","-1.58%"
"12/12/2022","3,800","3,680","3,820","3,670","72.92M","3.26%"
"12/09/2022","3,680","3,730","3,740","3,630","64.10M","-1.60%"
"12/08/2022","3,740","3,830","3,840","3,710","58.56M","-2.35%"
"12/07/2022","3,830","3,820","3,870","3,780","55.83M","0.52%"
"12/06/2022","3,810","3,800","3,830","3,750","56.96M","0.79%"
"12/05/2022","3,780","3,880","3,890","3,760","55.20M","-1.82%"
"12/02/2022","3,850","3,890","3,890","3,820","36.98M","-1.28%"
"12/01/2022","3,900","3,930","3,930","3,890","52.86M","0.78%"
"11/30/2022","3,870","3,900","3,930","3,850","116.12M","-0.26%"
"11/29/2022","3,880","3,790","3,880","3,780","90.88M","3.74%"
"11/28/2022","3,740","3,740","3,780","3,720","38.62M","0.27%"
"11/25/2022","3,730","3,750","3,750","3,690","29.64M","-0.53%"
"11/24/2022","3,750","3,760","3,780","3,740","27.02M","0.00%"
"11/23/2022","3,750","3,720","3,790","3,720","46.42M","1.35%"
"11/22/2022","3,700","3,720","3,750","3,650","59.97M","0.27%"
"11/21/2022","3,690","3,610","3,710","3,610","68.56M","2.79%"
"11/18/2022","3,590","3,590","3,620","3,560","40.58M","0.00%"
"11/17/2022","3,590","3,530","3,610","3,500","73.35M","0.56%"
"11/16/2022","3,570","3,610","3,640","3,520","86.56M","1.71%"
"11/15/2022","3,510","3,550","3,570","3,480","52.01M","0.29%"
"11/14/2022","3,500","3,490","3,560","3,490","63.00M","0.29%"
"11/11/2022","3,490","3,500","3,540","3,440","96.58M","0.29%"
"11/10/2022","3,480","3,500","3,560","3,450","152.39M","-4.40%"
"11/09/2022","3,640","3,690","3,720","3,630","107.78M","-3.19%"
"11/08/2022","3,760","3,800","3,800","3,730","71.70M","-1.83%"
"11/07/2022","3,830","3,750","3,830","3,730","69.73M","2.13%"
"11/04/2022","3,750","3,730","3,790","3,710","78.87M","0.00%"
"11/03/2022","3,750","3,740","3,810","3,730","53.65M","0.27%"
"11/02/2022","3,740","3,750","3,820","3,690","97.48M","-0.27%"
"11/01/2022","3,750","3,940","3,940","3,720","170.49M","-5.78%"
"10/31/2022","3,980","3,940","3,980","3,920","69.83M","1.79%"
"10/28/2022","3,910","4,000","4,000","3,900","49.32M","-1.76%"
"10/27/2022","3,980","3,950","4,020","3,920","81.94M","1.27%"
"10/26/2022","3,930","3,880","3,950","3,850","71.20M","1.29%"
"10/25/2022","3,880","3,890","3,920","3,840","76.20M","-1.02%"
"10/24/2022","3,920","3,970","3,990","3,910","47.87M","-1.01%"
"10/21/2022","3,960","3,980","4,020","3,950","37.33M","-1.00%"
"10/20/2022","4,000","3,840","4,000","3,830","119.90M","4.17%"
"10/19/2022","3,840","3,850","3,880","3,800","69.22M","-0.52%"
"10/18/2022","3,860","3,980","4,000","3,840","95.62M","-2.53%"
"10/17/2022","3,960","3,950","3,960","3,900","42.06M","0.25%"
"10/14/2022","3,950","4,000","4,050","3,950","46.55M","-1.74%"
"10/13/2022","4,020","4,090","4,090","4,010","53.26M","0.50%"
"10/12/2022","4,000","3,960","4,050","3,960","101.12M","1.78%"
"10/11/2022","3,930","3,930","3,950","3,890","59.75M","0.26%"
"10/10/2022","3,920","4,050","4,050","3,920","107.87M","-5.31%"
"10/07/2022","4,140","4,100","4,170","4,080","49.88M","0.98%"
"10/06/2022","4,100","4,080","4,250","4,040","159.21M","0.49%"
"10/05/2022","4,080","4,140","4,170","4,080","57.95M","-0.97%"
"10/04/2022","4,120","3,990","4,120","3,990","145.08M","4.04%"
"10/03/2022","3,960","3,930","4,000","3,920","54.51M","0.00%"
"09/30/2022","3,960","3,920","3,960","3,870","104.67M","0.25%"
"09/29/2022","3,950","3,900","3,970","3,900","91.13M","2.07%"
"09/28/2022","3,870","3,900","3,960","3,860","72.11M","-1.02%"
"09/27/2022","3,910","3,900","3,940","3,870","89.37M","1.30%"
"09/26/2022","3,860","3,940","3,940","3,830","163.90M","-4.69%"
"09/23/2022","4,050","4,050","4,080","4,010","77.10M","-1.22%"
"09/22/2022","4,100","3,910","4,120","3,890","150.23M","4.86%"
"09/21/2022","3,910","3,880","3,930","3,800","67.11M","0.51%"
"09/20/2022","3,890","3,930","3,970","3,860","63.91M","-0.51%"
"09/19/2022","3,910","3,950","3,960","3,860","134.43M","-0.51%"
"09/16/2022","3,930","4,050","4,050","3,930","121.78M","-3.20%"
"09/15/2022","4,060","4,040","4,190","4,040","120.76M","1.25%"
"09/14/2022","4,010","4,000","4,040","3,940","79.04M","0.00%"
"09/13/2022","4,010","3,970","4,020","3,950","71.38M","1.01%"
"09/12/2022","3,970","3,960","3,990","3,900","74.85M","0.51%"
"09/09/2022","3,950","3,920","3,970","3,860","73.34M","0.25%"
"09/08/2022","3,940","3,970","4,000","3,900","88.45M","-1.99%"
"09/07/2022","4,020","4,020","4,050","3,950","89.09M","-0.50%"
"09/06/2022","4,040","4,080","4,160","4,020","109.09M","0.25%"
"09/05/2022","4,030","3,780","4,050","3,760","194.75M","6.61%"
"09/02/2022","3,780","3,750","3,830","3,720","131.23M","2.16%"
"09/01/2022","3,700","3,560","3,740","3,540","162.57M","4.52%"
"08/31/2022","3,540","3,510","3,570","3,480","101.73M","0.00%"
"08/30/2022","3,540","3,660","3,700","3,530","157.58M","2.31%"
"08/29/2022","3,460","3,380","3,470","3,330","84.86M","1.47%"
"08/26/2022","3,410","3,430","3,450","3,390","55.02M","0.00%"
"08/25/2022","3,410","3,410","3,470","3,370","88.74M","0.00%"
"08/24/2022","3,410","3,330","3,420","3,270","116.93M","1.79%"
"08/23/2022","3,350","3,170","3,380","3,160","175.08M","6.35%"
"08/22/2022","3,150","3,290","3,300","3,140","90.71M","-3.08%"
"08/19/2022","3,250","3,270","3,310","3,240","73.45M","0.00%"
"08/18/2022","3,250","3,180","3,280","3,170","84.70M","3.17%"
"08/16/2022","3,150","3,160","3,190","3,120","48.69M","-0.32%"
"08/15/2022","3,160","3,220","3,240","3,150","53.87M","-0.94%"
"08/12/2022","3,190","3,160","3,210","3,130","74.21M","1.27%"
"08/11/2022","3,150","3,230","3,250","3,150","127.29M","0.32%"
"08/10/2022","3,140","3,150","3,190","3,120","81.37M","0.32%"
"08/09/2022","3,130","3,110","3,170","3,100","86.95M","1.62%"
"08/08/2022","3,080","3,090","3,130","3,030","94.03M","-1.60%"
"08/05/2022","3,130","3,140","3,170","3,100","124.73M","-1.88%"
"08/04/2022","3,190","3,310","3,310","3,160","103.86M","-3.63%"
"08/03/2022","3,310","3,190","3,330","3,180","114.51M","4.09%"
"08/02/2022","3,180","3,350","3,360","3,180","115.84M","-5.07%"
"08/01/2022","3,350","3,260","3,370","3,240","146.35M","3.08%"
"07/29/2022","3,250","3,300","3,350","3,230","85.29M","-0.91%"
"07/28/2022","3,280","3,290","3,330","3,250","94.45M","0.00%"
"07/27/2022","3,280","3,200","3,300","3,180","130.33M","3.80%"
"07/26/2022","3,160","3,140","3,170","3,120","83.18M","1.94%"
"07/25/2022","3,100","3,050","3,120","3,040","134.98M","2.31%"
"07/22/2022","3,030","3,040","3,080","2,990","94.30M","0.33%"
"07/21/2022","3,020","3,040","3,050","2,970","73.20M","0.00%"
"07/20/2022","3,020","2,980","3,030","2,980","99.30M","2.37%"
"07/19/2022","2,950","2,800","2,960","2,760","127.90M","5.73%"
"07/18/2022","2,790","2,760","2,800","2,730","68.98M","1.09%"
"07/15/2022","2,760","2,890","2,900","2,760","98.94M","-5.80%"
"07/14/2022","2,930","2,910","2,960","2,880","97.81M","0.00%"
"07/13/2022","2,930","2,950","2,990","2,900","99.63M","0.34%"
"07/12/2022","2,920","2,860","2,970","2,840","142.53M","3.18%"
"07/11/2022","2,830","2,840","2,870","2,800","52.68M","0.00%"
"07/08/2022","2,830","2,850","2,880","2,820","90.52M","2.17%"
"07/07/2022","2,770","2,770","2,810","2,720","70.44M","0.00%"
"07/06/2022","2,770","2,850","2,850","2,720","82.12M","-3.82%"
"07/05/2022","2,880","2,830","2,940","2,820","135.39M","3.97%"
"07/04/2022","2,770","2,720","2,830","2,660","117.85M","1.84%"
"07/01/2022","2,720","2,860","2,910","2,710","105.60M","-4.90%"
"06/30/2022","2,860","2,810","2,920","2,810","109.16M","-0.35%"
"06/29/2022","2,870","2,910","2,970","2,870","64.86M","-2.71%"
"06/28/2022","2,950","2,990","3,000","2,930","71.77M","-0.34%"
"06/27/2022","2,960","2,970","3,000","2,880","89.31M","-0.34%"
"06/24/2022","2,970","2,970","3,020","2,950","103.05M","1.02%"
"06/23/2022","2,940","3,030","3,030","2,890","145.53M","-2.97%"
"06/22/2022","3,030","3,030","3,090","2,980","201.75M","0.00%"
"06/21/2022","3,030","3,000","3,070","2,970","189.11M","3.41%"
"06/20/2022","2,930","2,920","2,950","2,860","115.06M","0.34%"
"06/17/2022","2,920","3,020","3,030","2,870","229.96M","-4.58%"
"06/16/2022","3,060","3,080","3,170","3,040","243.27M","0.66%"
"06/15/2022","3,040","3,260","3,270","3,040","247.56M","-6.75%"
"06/14/2022","3,260","3,170","3,270","3,110","219.66M","2.19%"
"06/13/2022","3,190","3,320","3,320","3,190","202.11M","-7.00%"
"06/10/2022","3,430","3,560","3,590","3,430","152.00M","-4.72%"
"06/09/2022","3,600","3,630","3,690","3,600","106.57M","-0.83%"
"06/08/2022","3,630","3,650","3,680","3,590","118.44M","-0.55%"
"06/07/2022","3,650","3,550","3,710","3,530","225.70M","5.49%"
"06/06/2022","3,460","3,520","3,590","3,440","128.51M","-1.70%"
"06/03/2022","3,520","3,330","3,570","3,280","258.03M","5.71%"
"06/02/2022","3,330","3,260","3,350","3,200","185.77M","1.83%"
"05/31/2022","3,270","3,130","3,290","3,100","286.45M","6.86%"
"05/30/2022","3,060","3,170","3,180","3,030","146.19M","-3.16%"
"05/27/2022","3,160","3,160","3,190","3,130","84.74M","1.94%"
"05/25/2022","3,100","3,160","3,160","3,070","96.62M","-3.13%"
"05/24/2022","3,200","3,170","3,230","3,130","112.16M","1.59%"
"05/23/2022","3,150","3,350","3,350","3,110","177.89M","-4.83%"
"05/20/2022","3,310","3,130","3,380","3,130","205.84M","6.43%"
"05/19/2022","3,110","3,140","3,180","3,050","166.29M","-2.51%"
"05/18/2022","3,190","3,250","3,270","3,100","128.27M","-0.93%"
"05/17/2022","3,220","3,150","3,270","3,130","148.62M","0.31%"
"05/13/2022","3,210","3,210","3,250","3,120","168.96M","1.90%"
"05/12/2022","3,150","3,150","3,220","3,080","233.12M","0.00%"
"05/11/2022","3,150","3,090","3,230","3,090","134.04M","1.94%"
"05/10/2022","3,090","3,070","3,140","2,980","198.15M","-2.22%"
"05/09/2022","3,160","3,380","3,410","3,130","247.79M","-5.39%"
"04/28/2022","3,340","3,210","3,370","3,200","182.94M","5.36%"
"04/27/2022","3,170","3,130","3,230","3,110","94.22M","0.32%"
"04/26/2022","3,160","3,220","3,250","3,080","152.15M","-1.56%"
"04/25/2022","3,210","3,180","3,220","3,100","107.05M","0.00%"
"04/22/2022","3,210","3,250","3,270","3,160","107.25M","-1.83%"
"04/21/2022","3,270","3,270","3,460","3,260","187.59M","1.24%"
"04/20/2022","3,230","3,310","3,370","3,160","134.84M","-1.22%"
"04/19/2022","3,270","3,290","3,330","3,250","95.54M","-0.61%"
"04/18/2022","3,290","3,310","3,350","3,240","95.12M","-0.60%"
"04/14/2022","3,310","3,350","3,350","3,280","112.91M","-1.19%"
"04/13/2022","3,350","3,190","3,350","3,190","226.43M","6.69%"
"04/12/2022","3,140","3,140","3,150","3,060","132.03M","0.00%"
"04/11/2022","3,140","3,160","3,210","3,100","131.72M","-0.63%"
"04/08/2022","3,160","3,040","3,190","3,030","177.07M","3.61%"
"04/07/2022","3,050","3,060","3,070","2,980","93.81M","-0.65%"
"04/06/2022","3,070","3,010","3,080","3,000","172.81M","2.33%"
"04/05/2022","3,000","2,850","3,020","2,830","193.46M","6.76%"
"04/04/2022","2,810","2,810","2,870","2,780","59.73M","0.00%"
"04/01/2022","2,810","2,690","2,830","2,690","104.01M","4.46%"
"03/31/2022","2,690","2,690","2,760","2,680","77.64M","0.37%"
"03/30/2022","2,680","2,770","2,800","2,660","98.92M","-3.25%"
"03/29/2022","2,770","2,880","2,880","2,760","105.82M","-3.15%"
"03/28/2022","2,860","2,820","2,880","2,820","81.63M","1.42%"
"03/25/2022","2,820","2,880","2,880","2,810","89.25M","-2.08%"
"03/24/2022","2,880","2,840","2,900","2,810","109.23M","2.86%"
"03/23/2022","2,800","2,830","2,880","2,750","122.39M","0.00%"
"03/22/2022","2,800","2,740","2,860","2,740","124.25M","2.94%"
"03/21/2022","2,720","2,740","2,770","2,700","123.85M","0.00%"
"03/18/2022","2,720","2,750","2,860","2,720","368.47M","-0.73%"
"03/17/2022","2,740","2,800","2,820","2,730","86.65M","-2.84%"
"03/16/2022","2,820","2,700","2,830","2,690","126.98M","4.06%"
"03/15/2022","2,710","2,660","2,790","2,650","223.38M","-2.87%"
"03/14/2022","2,790","2,990","3,020","2,790","168.86M","-7.00%"
"03/11/2022","3,000","2,880","3,090","2,880","121.34M","0.67%"
"03/10/2022","2,980","2,980","3,070","2,870","236.73M","-3.25%"
"03/09/2022","3,080","3,120","3,150","2,960","187.47M","-1.28%"
"03/08/2022","3,120","3,210","3,210","3,040","257.70M","-3.70%"
"03/07/2022","3,240","3,150","3,270","3,080","402.64M","6.58%"
"03/04/2022","3,040","2,720","3,050","2,680","408.95M","16.48%"
"03/02/2022","2,610","2,690","2,740","2,550","208.45M","1.16%"
"03/01/2022","2,580","2,560","2,720","2,500","357.29M","5.31%"
"02/25/2022","2,450","2,520","2,590","2,450","218.03M","-1.21%"
"02/24/2022","2,480","2,350","2,480","2,320","286.84M","6.90%"
"02/23/2022","2,320","2,270","2,350","2,240","140.57M","4.04%"
"02/22/2022","2,230","2,230","2,260","2,180","91.33M","0.45%"
"02/21/2022","2,220","2,260","2,260","2,200","86.72M","-0.89%"
"02/18/2022","2,240","2,200","2,280","2,190","84.28M","0.90%"
"02/17/2022","2,220","2,230","2,250","2,180","140.16M","-0.89%"
"02/16/2022","2,240","2,300","2,300","2,240","70.24M","-2.18%"
"02/15/2022","2,290","2,250","2,300","2,210","137.02M","2.69%"
"02/14/2022","2,230","2,170","2,270","2,170","127.68M","2.76%"
"02/11/2022","2,170","2,160","2,200","2,110","102.59M","0.46%"
"02/10/2022","2,160","2,200","2,230","2,150","114.01M","-2.26%"
"02/09/2022","2,210","2,220","2,270","2,180","199.27M","0.45%"
"02/08/2022","2,200","2,200","2,220","2,180","111.77M","0.00%"
"02/07/2022","2,200","2,200","2,250","2,180","113.94M","0.92%"
"02/04/2022","2,180","2,220","2,240","2,170","96.18M","-1.80%"
"02/03/2022","2,220","2,210","2,240","2,170","111.39M","0.45%"
"02/02/2022","2,210","2,260","2,290","2,180","100.09M","-1.34%"
"01/31/2022","2,240","2,300","2,310","2,210","76.75M","-1.75%"
"01/28/2022","2,280","2,320","2,320","2,240","104.57M","-1.30%"
"01/27/2022","2,310","2,200","2,310","2,190","142.28M","4.52%"
"01/26/2022","2,210","2,220","2,240","2,180","97.68M","0.00%"
"01/25/2022","2,210","2,260","2,270","2,160","158.26M","-2.64%"
"01/24/2022","2,270","2,300","2,350","2,250","94.32M","-1.73%"
"01/21/2022","2,310","2,310","2,310","2,260","98.84M","0.00%"
"01/20/2022","2,310","2,230","2,360","2,230","213.58M","3.59%"
"01/19/2022","2,230","2,220","2,260","2,200","152.02M","0.45%"
"01/18/2022","2,220","2,290","2,310","2,180","180.29M","-1.77%"
"01/17/2022","2,260","2,300","2,320","2,210","119.05M","-0.44%"
"01/14/2022","2,270","2,300","2,330","2,250","173.26M","-0.44%"
"01/13/2022","2,280","2,330","2,380","2,280","137.85M","-1.30%"
"01/12/2022","2,310","2,340","2,370","2,300","122.48M","-1.28%"
"01/11/2022","2,340","2,440","2,470","2,330","124.22M","-2.50%"
"01/10/2022","2,400","2,430","2,430","2,350","123.42M","-1.23%"
"01/07/2022","2,430","2,320","2,450","2,290","272.39M","5.65%"
"01/06/2022","2,300","2,230","2,310","2,210","245.58M","2.68%"
"01/05/2022","2,240","2,330","2,350","2,230","125.37M","-2.61%"
"01/04/2022","2,300","2,370","2,380","2,240","241.94M","-2.95%"
"01/03/2022","2,370","2,170","2,380","2,170","175.09M","5.33%"
"12/30/2021","2,250","2,180","2,270","2,160","235.36M","-2.60%"
"12/29/2021","2,310","2,300","2,330","2,260","171.34M","0.43%"
"12/28/2021","2,300","2,180","2,310","2,180","295.60M","5.50%"
"12/27/2021","2,180","2,230","2,260","2,180","124.06M","-1.80%"
"12/24/2021","2,220","2,150","2,240","2,130","251.93M","3.26%"
"12/23/2021","2,150","2,170","2,180","2,120","105.06M","0.00%"
"12/22/2021","2,150","2,190","2,190","2,090","191.71M","1.42%"
"12/21/2021","2,120","2,050","2,160","2,040","176.90M","3.41%"
"12/20/2021","2,050","2,030","2,050","2,000","100.36M","0.00%"
"12/17/2021","2,050","2,050","2,060","2,030","156.30M","0.49%"
"12/16/2021","2,040","2,040","2,080","1,995","205.00M","0.99%"
"12/15/2021","2,020","1,920","2,050","1,910","540.00M","5.21%"
"12/14/2021","1,920","1,910","1,930","1,870","205.41M","0.00%"
"12/13/2021","1,920","1,930","1,940","1,905","165.21M","0.00%"
"12/10/2021","1,920","1,930","1,940","1,880","254.32M","-0.78%"
"12/09/2021","1,935","1,930","1,960","1,925","282.02M","0.52%"
"12/08/2021","1,925","1,920","1,935","1,900","356.20M","1.05%"
"12/07/2021","1,905","1,910","1,920","1,870","265.25M","-0.26%"
"12/06/2021","1,910","1,815","1,920","1,810","251.96M","5.23%"
"12/03/2021","1,815","1,805","1,835","1,790","93.28M","0.28%"
"12/02/2021","1,810","1,760","1,820","1,760","147.91M","3.13%"
"12/01/2021","1,755","1,730","1,775","1,700","146.80M","3.24%"
"11/30/2021","1,700","1,670","1,730","1,665","161.82M","0.59%"
"11/29/2021","1,690","1,640","1,700","1,610","76.42M","2.11%"
"11/26/2021","1,655","1,725","1,730","1,640","83.52M","-5.16%"
"11/25/2021","1,745","1,710","1,750","1,690","59.28M","2.95%"
"11/24/2021","1,695","1,720","1,730","1,695","100.39M","-0.59%"
"11/23/2021","1,705","1,665","1,715","1,640","116.46M","3.96%"
"11/22/2021","1,640","1,645","1,660","1,610","36.60M","-0.30%"
"11/19/2021","1,645","1,635","1,665","1,625","42.13M","1.23%"
"11/18/2021","1,625","1,620","1,645","1,610","48.50M","-0.91%"
"11/17/2021","1,640","1,620","1,655","1,600","95.09M","1.55%"
"11/16/2021","1,615","1,580","1,630","1,580","46.59M","0.31%"
"11/15/2021","1,610","1,680","1,685","1,595","117.47M","-4.45%"
"11/12/2021","1,685","1,690","1,700","1,665","35.07M","0.00%"
"11/11/2021","1,685","1,675","1,695","1,660","49.88M","-0.30%"
"11/10/2021","1,690","1,680","1,710","1,670","36.03M","-0.88%"
"11/09/2021","1,705","1,720","1,745","1,700","62.96M","0.59%"
"11/08/2021","1,695","1,650","1,710","1,650","58.66M","3.04%"
"11/05/2021","1,645","1,650","1,665","1,635","57.51M","-1.79%"
"11/04/2021","1,675","1,700","1,730","1,675","91.00M","0.00%"
"11/03/2021","1,675","1,645","1,680","1,645","49.01M","1.82%"
"11/02/2021","1,645","1,660","1,680","1,645","44.42M","-2.37%"
"11/01/2021","1,685","1,655","1,710","1,635","82.11M","0.30%"
"10/29/2021","1,680","1,610","1,695","1,605","100.72M","3.07%"
"10/28/2021","1,630","1,710","1,710","1,625","289.80M","-5.78%"
"10/27/2021","1,730","1,765","1,765","1,730","95.39M","-1.98%"
"10/26/2021","1,765","1,775","1,785","1,740","138.38M","1.15%"
"10/25/2021","1,745","1,790","1,800","1,725","140.50M","0.58%"
"10/22/2021","1,735","1,660","1,750","1,645","219.17M","-1.14%"
"10/21/2021","1,755","1,790","1,800","1,735","250.08M","-5.39%"
"10/19/2021","1,855","1,850","1,870","1,835","89.41M","-1.07%"
"10/18/2021","1,875","1,845","1,895","1,830","124.02M","0.81%"
"10/15/2021","1,860","1,860","1,885","1,835","153.45M","0.27%"
"10/14/2021","1,855","1,855","1,885","1,840","129.72M","-0.27%"
"10/13/2021","1,860","1,885","1,900","1,840","176.10M","-1.33%"
"10/12/2021","1,885","1,925","1,940","1,860","263.64M","-1.57%"
"10/11/2021","1,915","1,820","1,920","1,815","343.77M","5.51%"
"10/08/2021","1,815","1,730","1,815","1,720","247.02M","4.61%"
"10/07/2021","1,735","1,785","1,785","1,735","423.59M","-6.97%"
"10/06/2021","1,865","1,925","1,945","1,850","274.44M","1.91%"
"10/05/2021","1,830","1,920","1,980","1,800","347.84M","-1.61%"
"10/04/2021","1,860","1,830","1,900","1,830","235.06M","4.49%"
"10/01/2021","1,780","1,775","1,830","1,740","176.72M","1.14%"
"09/30/2021","1,760","1,730","1,805","1,730","267.38M","2.33%"
"09/29/2021","1,720","1,740","1,795","1,705","246.86M","-1.15%"
"09/28/2021","1,740","1,600","1,785","1,600","503.91M","15.23%"
"09/27/2021","1,510","1,515","1,560","1,505","158.87M","0.67%"
"09/24/2021","1,500","1,430","1,515","1,425","303.65M","6.01%"
"09/23/2021","1,415","1,410","1,445","1,390","146.63M","1.07%"
"09/22/2021","1,400","1,355","1,410","1,345","133.76M","4.09%"
"09/21/2021","1,345","1,320","1,360","1,305","64.97M","1.89%"
"09/20/2021","1,320","1,330","1,345","1,315","50.11M","-1.12%"
"09/17/2021","1,335","1,370","1,370","1,315","101.98M","-3.96%"
"09/16/2021","1,390","1,395","1,410","1,375","50.60M","0.00%"
"09/15/2021","1,390","1,375","1,410","1,365","136.90M","0.36%"
"09/14/2021","1,385","1,350","1,395","1,345","98.48M","3.36%"
"09/13/2021","1,340","1,350","1,350","1,330","26.39M","-0.74%"
"09/10/2021","1,350","1,370","1,375","1,345","61.92M","-1.10%"
"09/09/2021","1,365","1,340","1,370","1,330","83.50M","2.63%"
"09/08/2021","1,330","1,345","1,360","1,325","68.52M","-1.12%"
"09/07/2021","1,345","1,365","1,370","1,340","31.54M","-1.47%"
"09/06/2021","1,365","1,365","1,380","1,350","61.15M","0.74%"
"09/03/2021","1,355","1,335","1,360","1,325","107.93M","2.65%"
"09/02/2021","1,320","1,325","1,345","1,300","82.69M","0.00%"
"09/01/2021","1,320","1,280","1,320","1,275","133.08M","4.76%"
"08/31/2021","1,260","1,310","1,310","1,260","82.45M","-3.08%"
"08/30/2021","1,300","1,260","1,300","1,260","79.50M","4.42%"
"08/27/2021","1,245","1,280","1,280","1,245","70.20M","-2.73%"
"08/26/2021","1,280","1,270","1,290","1,250","62.48M","1.99%"
"08/25/2021","1,255","1,270","1,280","1,255","65.07M","-0.40%"
"08/24/2021","1,260","1,340","1,340","1,250","127.79M","-4.18%"
"08/23/2021","1,315","1,265","1,320","1,265","61.34M","3.95%"
"08/20/2021","1,265","1,290","1,305","1,260","88.17M","-2.32%"
"08/19/2021","1,295","1,340","1,355","1,295","61.89M","-3.36%"
"08/18/2021","1,340","1,360","1,375","1,325","68.97M","-1.83%"
"08/16/2021","1,365","1,385","1,400","1,355","47.33M","-1.44%"
"08/13/2021","1,385","1,420","1,430","1,370","71.60M","-1.77%"
"08/12/2021","1,410","1,350","1,415","1,345","185.58M","5.22%"
"08/10/2021","1,340","1,320","1,350","1,300","82.24M","3.08%"
"08/09/2021","1,300","1,305","1,340","1,290","56.86M","0.78%"
"08/06/2021","1,290","1,310","1,325","1,285","41.86M","-0.77%"
"08/05/2021","1,300","1,360","1,370","1,300","99.53M","-4.41%"
"08/04/2021","1,360","1,350","1,365","1,345","30.12M","0.74%"
"08/03/2021","1,350","1,370","1,370","1,345","61.49M","-1.46%"
"08/02/2021","1,370","1,345","1,390","1,340","86.15M","2.62%"
"07/30/2021","1,335","1,325","1,365","1,295","116.44M","0.75%"
"07/29/2021","1,325","1,285","1,345","1,275","103.64M","4.33%"
"07/28/2021","1,270","1,280","1,285","1,255","46.42M","-0.39%"
"07/27/2021","1,275","1,290","1,305","1,260","31.38M","-0.39%"
"07/26/2021","1,280","1,300","1,310","1,275","55.39M","-1.92%"
"07/23/2021","1,305","1,335","1,335","1,295","69.24M","-2.25%"
"07/22/2021","1,335","1,250","1,340","1,240","178.20M","7.66%"
"07/21/2021","1,240","1,260","1,260","1,235","50.33M","-0.80%"
"07/19/2021","1,250","1,250","1,265","1,240","47.57M","0.81%"
"07/16/2021","1,240","1,240","1,260","1,225","44.26M","1.22%"
"07/15/2021","1,225","1,215","1,240","1,215","45.14M","0.41%"
"07/14/2021","1,220","1,230","1,255","1,215","57.17M","-0.81%"
"07/13/2021","1,230","1,240","1,245","1,220","30.86M","-0.40%"
"07/12/2021","1,235","1,270","1,270","1,235","43.43M","-1.20%"
"07/09/2021","1,250","1,230","1,255","1,215","46.28M","2.46%"
"07/08/2021","1,220","1,250","1,250","1,210","50.61M","-2.40%"
"07/07/2021","1,250","1,275","1,275","1,230","72.70M","-3.10%"
"07/06/2021","1,290","1,260","1,300","1,255","83.57M","4.45%"
"07/05/2021","1,235","1,265","1,265","1,230","50.26M","-1.98%"
"07/02/2021","1,260","1,220","1,270","1,205","115.33M","4.56%"
"07/01/2021","1,205","1,220","1,240","1,195","53.85M","0.00%"
"06/30/2021","1,205","1,215","1,225","1,190","76.46M","-0.82%"
"06/29/2021","1,215","1,230","1,245","1,205","46.83M","-1.62%"
"06/28/2021","1,235","1,300","1,305","1,230","71.32M","-3.89%"
"06/25/2021","1,285","1,255","1,295","1,235","106.35M","3.21%"
"06/24/2021","1,245","1,260","1,270","1,225","52.73M","-1.19%"
"06/23/2021","1,260","1,305","1,315","1,255","73.52M","-2.33%"
"06/22/2021","1,290","1,295","1,315","1,275","77.75M","0.39%"
"06/21/2021","1,285","1,290","1,305","1,250","84.48M","-1.91%"
"06/18/2021","1,310","1,355","1,375","1,285","149.12M","-3.32%"
"06/17/2021","1,355","1,385","1,405","1,355","81.95M","-2.87%"
"06/16/2021","1,395","1,300","1,400","1,290","264.33M","6.49%"
"06/15/2021","1,310","1,320","1,320","1,280","109.05M","-1.13%"
"06/14/2021","1,325","1,320","1,340","1,295","107.80M","0.76%"
"06/11/2021","1,315","1,225","1,350","1,225","386.85M","8.68%"
"06/10/2021","1,210","1,230","1,240","1,210","39.27M","-0.41%"
"06/09/2021","1,215","1,215","1,225","1,205","40.08M","0.41%"
"06/08/2021","1,210","1,220","1,235","1,205","46.91M","0.41%"
"06/07/2021","1,205","1,230","1,230","1,200","36.09M","-2.03%"
"06/04/2021","1,230","1,245","1,260","1,210","58.63M","-1.60%"
"06/03/2021","1,250","1,265","1,265","1,235","58.95M","-0.79%"
"06/02/2021","1,260","1,195","1,260","1,195","221.12M","5.88%"
"05/31/2021","1,190","1,180","1,190","1,170","59.79M","1.71%"
"05/28/2021","1,170","1,165","1,180","1,160","43.86M","0.43%"
"05/27/2021","1,165","1,180","1,190","1,165","84.52M","-0.43%"
"05/25/2021","1,170","1,175","1,195","1,165","78.87M","0.86%"
"05/24/2021","1,160","1,190","1,190","1,160","50.02M","-0.43%"
"05/21/2021","1,165","1,190","1,195","1,160","45.23M","-0.43%"
"05/20/2021","1,170","1,175","1,185","1,170","29.58M","-0.43%"
"05/19/2021","1,175","1,195","1,195","1,175","23.99M","-2.08%"
"05/18/2021","1,200","1,200","1,200","1,170","31.41M","1.27%"
"05/17/2021","1,185","1,210","1,215","1,180","69.06M","-0.84%"
"05/11/2021","1,195","1,195","1,220","1,190","78.40M","0.00%"
"05/10/2021","1,195","1,195","1,210","1,190","45.75M","0.84%"
"05/07/2021","1,185","1,195","1,210","1,180","63.34M","0.00%"
"05/06/2021","1,185","1,195","1,215","1,185","52.91M","-0.84%"
"05/05/2021","1,195","1,210","1,210","1,185","80.25M","-4.40%"
"05/04/2021","1,250","1,240","1,255","1,235","90.62M","0.81%"
"05/03/2021","1,240","1,260","1,260","1,230","73.39M","-0.40%"
"04/30/2021","1,245","1,255","1,260","1,235","54.93M","-0.80%"
"04/29/2021","1,255","1,225","1,260","1,220","78.61M","3.29%"
"04/28/2021","1,215","1,215","1,230","1,210","30.40M","0.41%"
"04/27/2021","1,210","1,225","1,230","1,200","50.47M","0.00%"
"04/26/2021","1,210","1,200","1,225","1,185","66.25M","0.83%"
"04/23/2021","1,200","1,175","1,205","1,175","43.58M","2.56%"
"04/22/2021","1,170","1,185","1,190","1,170","23.85M","-0.85%"
"04/21/2021","1,180","1,175","1,190","1,175","27.80M","-0.42%"
"04/20/2021","1,185","1,190","1,205","1,180","47.90M","0.00%"
"04/19/2021","1,185","1,185","1,205","1,175","81.68M","0.00%"
"04/16/2021","1,185","1,190","1,190","1,175","37.68M","-0.42%"
"04/15/2021","1,190","1,195","1,200","1,170","38.98M","-0.42%"
"04/14/2021","1,195","1,175","1,200","1,165","38.92M","3.02%"
"04/13/2021","1,160","1,180","1,185","1,160","61.79M","-1.69%"
"04/12/2021","1,180","1,210","1,215","1,175","40.27M","-2.07%"
"04/09/2021","1,205","1,220","1,230","1,205","38.63M","-2.03%"
"04/08/2021","1,230","1,220","1,230","1,205","44.81M","0.82%"
"04/07/2021","1,220","1,210","1,225","1,200","39.52M","0.83%"
"04/06/2021","1,210","1,200","1,210","1,180","48.40M","2.11%"
"04/05/2021","1,185","1,195","1,205","1,180","45.26M","0.42%"
"04/01/2021","1,180","1,175","1,200","1,170","51.62M","0.43%"
"03/31/2021","1,175","1,175","1,185","1,160","80.88M","0.00%"
"03/30/2021","1,175","1,205","1,205","1,170","93.12M","-2.49%"
"03/29/2021","1,205","1,230","1,235","1,205","51.42M","-1.23%"
"03/26/2021","1,220","1,215","1,225","1,200","58.26M","1.24%"
"03/25/2021","1,205","1,225","1,245","1,190","119.05M","-1.63%"
"03/24/2021","1,225","1,280","1,280","1,220","139.18M","-5.77%"
"03/23/2021","1,300","1,320","1,330","1,290","108.81M","1.17%"
"03/22/2021","1,285","1,305","1,340","1,280","178.93M","-1.15%"
"03/19/2021","1,300","1,270","1,300","1,240","377.62M","2.36%"
"03/18/2021","1,270","1,245","1,270","1,235","174.40M","3.25%"
"03/17/2021","1,230","1,215","1,235","1,215","67.74M","0.82%"
"03/16/2021","1,220","1,245","1,250","1,205","99.27M","-1.21%"
"03/15/2021","1,235","1,225","1,260","1,220","173.81M","2.07%"
"03/12/2021","1,210","1,190","1,225","1,185","170.82M","3.42%"
"03/10/2021","1,170","1,175","1,185","1,160","53.62M","0.43%"
"03/09/2021","1,165","1,175","1,190","1,160","84.43M","-0.85%"
"03/08/2021","1,175","1,190","1,200","1,170","73.74M","-0.42%"
"03/05/2021","1,180","1,210","1,220","1,175","157.25M","-3.28%"
"03/04/2021","1,220","1,185","1,235","1,180","242.78M","2.95%"
"03/03/2021","1,185","1,195","1,200","1,185","53.35M","0.00%"
"03/02/2021","1,185","1,200","1,220","1,185","125.69M","0.00%"
"03/01/2021","1,185","1,195","1,200","1,180","96.72M","0.42%"
"02/26/2021","1,180","1,180","1,195","1,175","89.37M","-1.67%"
"02/25/2021","1,200","1,200","1,215","1,190","79.55M","1.27%"
"02/24/2021","1,185","1,215","1,220","1,185","74.83M","-1.66%"
"02/23/2021","1,205","1,225","1,230","1,200","96.89M","-0.41%"
"02/22/2021","1,210","1,195","1,230","1,185","168.26M","2.54%"
"02/19/2021","1,180","1,175","1,185","1,160","55.40M","0.43%"
"02/18/2021","1,175","1,180","1,200","1,165","68.48M","-0.42%"
"02/17/2021","1,180","1,210","1,220","1,170","123.79M","-2.48%"
"02/16/2021","1,210","1,215","1,235","1,205","72.06M","-0.41%"
"02/15/2021","1,215","1,230","1,240","1,210","75.30M","0.00%"
"02/11/2021","1,215","1,200","1,230","1,195","79.11M","1.25%"
"02/10/2021","1,200","1,220","1,225","1,195","70.87M","-0.83%"
"02/09/2021","1,210","1,235","1,235","1,200","124.21M","-0.82%"
"02/08/2021","1,220","1,240","1,255","1,215","171.97M","0.83%"
"02/05/2021","1,210","1,185","1,230","1,175","225.76M","3.86%"
"02/04/2021","1,165","1,170","1,210","1,150","296.04M","-0.43%"
"02/03/2021","1,170","1,200","1,210","1,155","173.08M","-2.50%"
"02/02/2021","1,200","1,230","1,265","1,185","176.84M","-2.44%"
"02/01/2021","1,230","1,205","1,235","1,165","165.57M","2.50%"
"01/29/2021","1,200","1,220","1,255","1,160","192.58M","0.00%"
"01/28/2021","1,200","1,230","1,275","1,190","201.00M","-3.61%"
"01/27/2021","1,245","1,260","1,285","1,215","119.16M","-1.19%"
"01/26/2021","1,260","1,290","1,335","1,230","138.67M","-2.70%"
"01/25/2021","1,295","1,350","1,350","1,260","142.27M","-4.07%"
"01/22/2021","1,350","1,410","1,420","1,345","92.58M","-4.26%"
"01/21/2021","1,410","1,425","1,435","1,405","46.71M","-0.35%"
"01/20/2021","1,415","1,400","1,440","1,385","77.78M","0.00%"
"01/19/2021","1,415","1,440","1,460","1,390","80.58M","-1.74%"
"01/18/2021","1,440","1,450","1,485","1,425","101.72M","-1.03%"
"01/15/2021","1,455","1,495","1,495","1,450","86.42M","-2.68%"
"01/14/2021","1,495","1,525","1,535","1,490","105.35M","-1.32%"
"01/13/2021","1,515","1,530","1,540","1,490","204.77M","2.71%"
"01/12/2021","1,475","1,530","1,535","1,470","183.11M","-3.28%"
"01/11/2021","1,525","1,490","1,540","1,470","278.54M","5.54%"
"01/08/2021","1,445","1,450","1,485","1,430","165.26M","2.85%"
"01/07/2021","1,405","1,370","1,430","1,360","204.24M","2.18%"
"01/06/2021","1,375","1,415","1,420","1,340","203.95M","-3.51%"
"01/05/2021","1,425","1,455","1,470","1,420","107.02M","-2.06%"
"01/04/2021","1,455","1,430","1,460","1,360","110.37M","1.75%"
"12/30/2020","1,430","1,490","1,490","1,425","82.20M","-4.03%"
"12/29/2020","1,490","1,530","1,540","1,470","99.55M","-1.00%"
"12/28/2020","1,505","1,515","1,520","1,460","98.73M","1.01%"
"12/23/2020","1,490","1,500","1,540","1,400","177.12M","1.36%"
"12/22/2020","1,470","1,555","1,560","1,470","193.71M","-5.47%"
"12/21/2020","1,555","1,490","1,595","1,470","289.22M","5.07%"
"12/18/2020","1,480","1,490","1,500","1,465","136.22M","-0.67%"
"12/17/2020","1,490","1,555","1,555","1,455","255.58M","-4.18%"
"12/16/2020","1,555","1,550","1,570","1,545","183.47M","1.63%"
"12/15/2020","1,530","1,570","1,575","1,530","143.52M","-2.55%"
"12/14/2020","1,570","1,560","1,585","1,555","175.73M","2.28%"
"12/11/2020","1,535","1,570","1,575","1,530","108.61M","-0.65%"
"12/10/2020","1,545","1,580","1,600","1,525","321.87M","0.00%"
"12/08/2020","1,545","1,510","1,545","1,485","414.71M","4.04%"
"12/07/2020","1,485","1,500","1,530","1,475","277.75M","3.48%"
"12/04/2020","1,435","1,405","1,460","1,360","403.85M","4.36%"
"12/03/2020","1,375","1,405","1,430","1,375","147.80M","-1.08%"
"12/02/2020","1,390","1,400","1,410","1,370","111.41M","0.00%"
"12/01/2020","1,390","1,410","1,425","1,340","191.81M","0.00%"
"11/30/2020","1,390","1,400","1,475","1,295","452.80M","0.00%"
"11/27/2020","1,390","1,385","1,410","1,375","163.28M","2.21%"
"11/26/2020","1,360","1,335","1,365","1,325","135.99M","4.62%"
"11/25/2020","1,300","1,335","1,350","1,275","152.18M","0.00%"
"11/24/2020","1,300","1,320","1,335","1,290","159.58M","0.78%"
"11/23/2020","1,290","1,230","1,290","1,225","195.99M","6.17%"
"11/20/2020","1,215","1,245","1,260","1,210","121.79M","-2.02%"
"11/19/2020","1,240","1,195","1,255","1,180","221.81M","4.20%"
"11/18/2020","1,190","1,180","1,205","1,180","72.63M","0.85%"
"11/17/2020","1,180","1,205","1,210","1,180","99.74M","-1.26%"
"11/16/2020","1,195","1,180","1,205","1,165","77.95M","2.58%"
"11/13/2020","1,165","1,170","1,190","1,155","64.11M","-0.85%"
"11/12/2020","1,175","1,205","1,205","1,160","90.74M","-2.49%"
"11/11/2020","1,205","1,150","1,205","1,145","218.77M","5.70%"
"11/10/2020","1,140","1,150","1,155","1,130","61.43M","0.88%"
"11/09/2020","1,130","1,150","1,155","1,120","79.57M","-0.88%"
"11/06/2020","1,140","1,150","1,155","1,130","57.82M","0.00%"
"11/05/2020","1,140","1,140","1,155","1,125","44.26M","2.70%"
"11/04/2020","1,110","1,150","1,160","1,105","66.74M","-3.06%"
"11/03/2020","1,145","1,140","1,165","1,140","70.17M","1.33%"
"11/02/2020","1,130","1,120","1,150","1,100","51.50M","0.44%"
"10/27/2020","1,125","1,145","1,150","1,125","41.56M","-1.75%"
"10/26/2020","1,145","1,145","1,155","1,140","32.61M","0.00%"
"10/23/2020","1,145","1,175","1,175","1,140","52.39M","-1.29%"
"10/22/2020","1,160","1,190","1,190","1,155","91.57M","-3.33%"
"10/21/2020","1,200","1,220","1,220","1,190","45.08M","-0.83%"
"10/20/2020","1,210","1,220","1,225","1,200","42.04M","-0.82%"
"10/19/2020","1,220","1,240","1,240","1,210","73.97M","0.00%"
"10/16/2020","1,220","1,170","1,230","1,145","135.72M","5.63%"
"10/15/2020","1,155","1,185","1,195","1,155","72.63M","-2.53%"
"10/14/2020","1,185","1,150","1,200","1,130","123.83M","3.04%"
"10/13/2020","1,150","1,110","1,155","1,090","121.08M","3.60%"
"10/12/2020","1,110","1,120","1,130","1,110","54.68M","-0.45%"
"10/09/2020","1,115","1,120","1,125","1,110","73.44M","-1.33%"
"10/08/2020","1,130","1,140","1,155","1,125","72.36M","0.00%"
"10/07/2020","1,130","1,125","1,135","1,115","45.28M","0.44%"
"10/06/2020","1,125","1,135","1,145","1,125","33.35M","0.00%"
"10/05/2020","1,125","1,150","1,155","1,120","44.63M","-1.32%"
"10/02/2020","1,140","1,180","1,185","1,120","43.19M","-3.39%"
"10/01/2020","1,180","1,150","1,180","1,135","31.10M","3.96%"
"09/30/2020","1,135","1,170","1,175","1,110","51.82M","-2.58%"
"09/29/2020","1,165","1,140","1,185","1,140","89.15M","3.10%"
"09/28/2020","1,130","1,150","1,155","1,125","26.95M","-0.88%"
"09/25/2020","1,140","1,140","1,160","1,130","53.91M","0.88%"
"09/24/2020","1,130","1,145","1,160","1,130","39.76M","-2.59%"
"09/23/2020","1,160","1,175","1,190","1,150","64.67M","0.00%"
"09/22/2020","1,160","1,130","1,180","1,125","68.85M","1.31%"
"09/21/2020","1,145","1,155","1,160","1,140","38.25M","0.00%"
"09/18/2020","1,145","1,150","1,155","1,125","87.13M","1.33%"
"09/17/2020","1,130","1,165","1,180","1,125","53.49M","-1.31%"
"09/16/2020","1,145","1,195","1,205","1,140","52.67M","-3.78%"
"09/15/2020","1,190","1,215","1,215","1,175","44.50M","-0.83%"
"09/14/2020","1,200","1,200","1,220","1,185","57.49M","1.69%"
"09/11/2020","1,180","1,080","1,185","1,080","86.77M","5.36%"
"09/10/2020","1,120","1,185","1,190","1,120","104.71M","-6.67%"
"09/09/2020","1,200","1,220","1,240","1,180","85.81M","-3.23%"
"09/08/2020","1,240","1,250","1,280","1,220","105.28M","-0.80%"
"09/07/2020","1,250","1,205","1,260","1,180","109.16M","3.73%"
"09/04/2020","1,205","1,190","1,205","1,160","77.21M","0.00%"
"09/03/2020","1,205","1,210","1,230","1,175","139.89M","-0.82%"
"09/02/2020","1,215","1,145","1,215","1,135","267.16M","6.58%"
"09/01/2020","1,140","1,090","1,140","1,080","86.25M","5.07%"
"08/31/2020","1,085","1,160","1,165","1,085","85.35M","-5.24%"
"08/28/2020","1,145","1,130","1,160","1,130","108.67M","1.78%"
"08/27/2020","1,125","1,120","1,130","1,110","61.27M","1.35%"
"08/26/2020","1,110","1,110","1,135","1,095","74.08M","0.91%"
"08/25/2020","1,100","1,100","1,110","1,095","46.20M","0.46%"
"08/24/2020","1,095","1,115","1,120","1,090","51.73M","-1.79%"
"08/19/2020","1,115","1,115","1,135","1,100","74.02M","0.00%"
"08/18/2020","1,115","1,115","1,125","1,110","40.08M","0.00%"
"08/14/2020","1,115","1,115","1,125","1,100","39.46M","0.00%"
"08/13/2020","1,115","1,120","1,130","1,105","40.52M","-0.45%"
"08/12/2020","1,120","1,150","1,150","1,105","46.53M","-2.61%"
"08/11/2020","1,150","1,145","1,170","1,125","77.79M","0.88%"
"08/10/2020","1,140","1,095","1,140","1,095","83.70M","4.11%"
"08/07/2020","1,095","1,115","1,130","1,085","42.98M","-1.79%"
"08/06/2020","1,115","1,060","1,120","1,055","78.09M","6.19%"
"08/05/2020","1,050","1,045","1,055","1,030","32.04M","1.45%"
"08/04/2020","1,035","1,040","1,060","1,030","46.12M","0.49%"
"08/03/2020","1,030","1,090","1,095","1,010","59.72M","-5.07%"
"07/30/2020","1,085","1,090","1,100","1,075","41.23M","0.00%"
"07/29/2020","1,085","1,085","1,095","1,070","32.11M","-0.46%"
"07/28/2020","1,090","1,115","1,125","1,075","85.97M","-1.80%"
"07/27/2020","1,110","1,090","1,110","1,080","26.68M","1.83%"
"07/24/2020","1,090","1,130","1,135","1,085","57.48M","-3.54%"
"07/23/2020","1,130","1,130","1,145","1,120","64.26M","0.44%"
"07/22/2020","1,125","1,140","1,150","1,120","38.75M","-0.88%"
"07/21/2020","1,135","1,130","1,145","1,115","52.36M","0.44%"
"07/20/2020","1,130","1,155","1,165","1,130","46.51M","-2.16%"
"07/17/2020","1,155","1,115","1,160","1,110","93.91M","4.05%"
"07/16/2020","1,110","1,135","1,150","1,105","62.09M","-1.77%"
"07/15/2020","1,130","1,170","1,180","1,125","60.12M","-2.16%"
"07/14/2020","1,155","1,145","1,170","1,125","127.48M","0.00%"
"07/13/2020","1,155","1,085","1,160","1,080","134.59M","6.45%"
"07/10/2020","1,085","1,095","1,110","1,080","70.08M","-0.91%"
"07/09/2020","1,095","1,065","1,125","1,060","138.90M","2.82%"
"07/08/2020","1,065","1,050","1,075","1,050","60.12M","1.43%"
"07/07/2020","1,050","1,080","1,085","1,050","94.52M","-1.41%"
"07/06/2020","1,065","1,050","1,065","1,035","42.40M","2.40%"
"07/03/2020","1,040","1,060","1,080","1,035","55.58M","-0.95%"
"07/02/2020","1,050","1,055","1,080","1,045","170.25M","0.48%"
"07/01/2020","1,045","995","1,045","990","98.51M","5.03%"
"06/30/2020","995","1,020","1,020","990","88.02M","-1.00%"
"06/29/2020","1,005","1,015","1,025","1,000","53.48M","-0.99%"
"06/26/2020","1,015","1,025","1,025","1,010","40.14M","1.00%"
"06/25/2020","1,005","1,035","1,035","1,005","58.91M","-3.83%"
"06/24/2020","1,045","1,015","1,050","1,010","80.78M","3.98%"
"06/23/2020","1,005","1,050","1,050","990","80.08M","-2.43%"
"06/22/2020","1,030","1,050","1,055","1,020","38.49M","-0.96%"
"06/19/2020","1,040","1,040","1,060","1,035","70.20M","0.97%"
"06/18/2020","1,030","1,065","1,075","1,030","59.06M","-3.74%"
"06/17/2020","1,070","1,085","1,095","1,055","38.94M","-0.47%"
"06/16/2020","1,075","1,040","1,085","1,040","48.68M","5.39%"
"06/15/2020","1,020","1,070","1,085","1,010","35.36M","-3.77%"
"06/12/2020","1,060","1,060","1,070","1,010","49.99M","-0.93%"
"06/11/2020","1,070","1,100","1,110","1,055","31.93M","-2.73%"
"06/10/2020","1,100","1,175","1,180","1,100","65.47M","-6.78%"
"06/09/2020","1,180","1,165","1,240","1,160","117.23M","1.72%"
"06/08/2020","1,160","1,110","1,175","1,110","88.61M","5.45%"
"06/05/2020","1,100","1,130","1,130","1,085","73.11M","-1.79%"
"06/04/2020","1,120","1,135","1,150","1,105","100.66M","-3.86%"
"06/03/2020","1,165","1,155","1,180","1,150","89.68M","1.75%"
"06/02/2020","1,145","1,100","1,185","1,095","123.82M","4.09%"
"05/29/2020","1,100","1,015","1,100","1,015","139.28M","6.80%"
"05/28/2020","1,030","1,005","1,075","1,000","137.78M","3.00%"
"05/27/2020","1,000","1,020","1,020","990","47.43M","0.00%"
"05/26/2020","1,000","1,000","1,020","975","49.78M","2.04%"
"05/20/2020","980","1,015","1,020","970","41.03M","-2.49%"
"05/19/2020","1,005","1,035","1,065","990","85.71M","-1.47%"
"05/18/2020","1,020","935","1,020","930","76.68M","10.27%"
"05/15/2020","925","955","970","910","38.98M","-2.12%"
"05/14/2020","945","1,025","1,025","930","89.41M","-5.50%"
"05/13/2020","1,000","1,005","1,040","970","44.00M","-0.50%"
"05/12/2020","1,005","1,040","1,060","1,000","49.63M","-2.43%"
"05/11/2020","1,030","1,040","1,060","1,025","62.10M","0.49%"
"05/08/2020","1,025","955","1,030","955","144.48M","7.89%"
"05/06/2020","950","920","965","900","105.35M","4.97%"
"05/05/2020","905","905","925","895","51.89M","1.69%"
"05/04/2020","890","920","920","870","68.09M","-3.26%"
"04/30/2020","920","895","920","890","82.63M","3.95%"
"04/29/2020","885","895","905","880","43.09M","-0.56%"
"04/28/2020","890","910","915","875","47.89M","-1.11%"
"04/27/2020","900","900","945","885","97.94M","2.86%"
"04/24/2020","875","910","985","870","98.74M","-3.31%"
"04/23/2020","905","900","925","895","50.03M","2.26%"
"04/22/2020","885","930","930","870","64.67M","-4.84%"
"04/21/2020","930","970","970","920","45.01M","-5.58%"
"04/20/2020","985","1,030","1,045","980","31.89M","-4.83%"
"04/17/2020","1,035","1,000","1,050","990","36.05M","6.15%"
"04/16/2020","975","1,035","1,035","975","33.91M","-6.70%"
"04/15/2020","1,045","1,080","1,100","1,010","29.12M","-3.24%"
"04/14/2020","1,080","1,040","1,080","1,040","24.12M","3.85%"
"04/13/2020","1,040","1,050","1,075","1,020","13.65M","0.00%"
"04/09/2020","1,040","1,015","1,080","1,000","31.57M","-2.35%"
"04/08/2020","1,065","1,150","1,150","1,065","44.44M","-6.58%"
"04/07/2020","1,140","1,190","1,200","1,075","52.49M","-0.87%"
"04/06/2020","1,150","1,110","1,150","1,080","41.50M","4.55%"
"04/03/2020","1,100","1,055","1,100","1,040","43.07M","5.77%"
"04/02/2020","1,040","980","1,055","970","29.92M","1.96%"
"04/01/2020","1,020","995","1,030","940","56.06M","3.03%"
"03/31/2020","990","925","1,020","925","83.01M","7.03%"
"03/30/2020","925","970","970","925","28.45M","-6.57%"
"03/27/2020","990","990","1,050","920","77.00M","2.59%"
"03/26/2020","965","885","1,010","870","120.54M","13.53%"
"03/24/2020","850","810","900","780","82.45M","9.68%"
"03/23/2020","775","725","835","695","111.58M","4.03%"
"03/20/2020","745","645","800","610","139.18M","15.50%"
"03/19/2020","645","670","670","645","57.29M","-6.52%"
"03/18/2020","690","725","760","675","85.49M","-4.83%"
"03/17/2020","725","760","760","725","47.57M","-6.45%"
"03/16/2020","775","830","830","775","26.74M","-6.63%"
"03/13/2020","830","790","860","775","90.08M","0.00%"
"03/12/2020","830","900","930","820","75.90M","-13.99%"
"03/11/2020","965","1,030","1,035","930","70.76M","-6.31%"
"03/10/2020","1,030","1,020","1,060","1,010","47.80M","1.98%"
"03/09/2020","1,010","1,060","1,085","1,000","85.41M","-12.93%"
"03/06/2020","1,160","1,140","1,180","1,140","33.64M","-1.28%"
"03/05/2020","1,175","1,220","1,225","1,155","63.96M","-2.49%"
"03/04/2020","1,205","1,125","1,215","1,110","85.03M","5.70%"
"03/03/2020","1,140","1,140","1,180","1,125","90.99M","2.24%"
"03/02/2020","1,115","1,175","1,195","1,100","41.13M","-3.46%"
"02/28/2020","1,155","1,130","1,160","1,085","63.53M","-0.86%"
"02/27/2020","1,165","1,250","1,275","1,155","62.49M","-6.80%"
"02/26/2020","1,250","1,275","1,295","1,250","38.64M","-2.72%"
"02/25/2020","1,285","1,270","1,300","1,260","31.97M","0.00%"
"02/24/2020","1,285","1,285","1,310","1,270","37.63M","-1.91%"
"02/21/2020","1,310","1,350","1,355","1,310","33.04M","-2.96%"
"02/20/2020","1,350","1,315","1,360","1,310","45.66M","3.45%"
"02/19/2020","1,305","1,335","1,345","1,290","49.52M","-1.88%"
"02/18/2020","1,330","1,320","1,350","1,315","28.65M","0.76%"
"02/17/2020","1,320","1,325","1,330","1,305","12.41M","0.00%"
"02/14/2020","1,320","1,350","1,360","1,310","29.88M","-2.22%"
"02/13/2020","1,350","1,335","1,355","1,295","62.53M","1.50%"
"02/12/2020","1,330","1,325","1,335","1,315","40.09M","1.14%"
"02/11/2020","1,315","1,295","1,315","1,275","32.03M","2.73%"
"02/10/2020","1,280","1,290","1,295","1,265","19.64M","-1.92%"
"02/07/2020","1,305","1,285","1,315","1,285","15.03M","0.00%"
"02/06/2020","1,305","1,350","1,350","1,280","37.38M","-0.76%"
"02/05/2020","1,315","1,295","1,345","1,295","60.60M","3.54%"
"02/04/2020","1,270","1,260","1,285","1,235","65.98M","3.67%"
"02/03/2020","1,225","1,200","1,245","1,180","66.29M","0.00%"
"01/31/2020","1,225","1,305","1,305","1,225","79.50M","-5.41%"
"01/30/2020","1,295","1,305","1,325","1,280","24.54M","-0.77%"
"01/29/2020","1,305","1,330","1,345","1,300","27.12M","-1.51%"
"01/28/2020","1,325","1,280","1,345","1,260","77.95M","2.32%"
"01/27/2020","1,295","1,370","1,370","1,290","42.33M","-6.16%"
"01/24/2020","1,380","1,390","1,395","1,370","14.85M","0.00%"
"01/23/2020","1,380","1,350","1,390","1,320","66.08M","1.10%"
"01/22/2020","1,365","1,415","1,420","1,360","63.63M","-3.53%"
"01/21/2020","1,415","1,425","1,455","1,400","38.06M","-1.39%"
"01/20/2020","1,435","1,485","1,490","1,430","23.99M","-3.04%"
"01/17/2020","1,480","1,470","1,485","1,460","20.95M","0.68%"
"01/16/2020","1,470","1,480","1,505","1,455","47.68M","-0.34%"
"01/15/2020","1,475","1,555","1,555","1,475","79.94M","-5.45%"
"01/14/2020","1,560","1,580","1,585","1,535","68.82M","-0.32%"
"01/13/2020","1,565","1,585","1,595","1,555","79.90M","0.97%"
"01/10/2020","1,550","1,520","1,565","1,515","97.20M","3.68%"
"01/09/2020","1,495","1,520","1,525","1,475","41.27M","-0.66%"
"01/08/2020","1,505","1,530","1,535","1,505","55.12M","-2.27%"
"01/07/2020","1,540","1,480","1,540","1,460","74.34M","5.12%"
"01/06/2020","1,465","1,455","1,515","1,450","61.42M","0.00%"
"01/03/2020","1,465","1,460","1,470","1,425","117.80M","-2.01%"
"01/02/2020","1,495","1,555","1,555","1,490","76.61M","-3.86%"
"12/30/2019","1,555","1,565","1,590","1,555","49.28M","-1.58%"
"12/27/2019","1,580","1,590","1,610","1,575","31.33M","-0.32%"
"12/26/2019","1,585","1,590","1,620","1,570","41.40M","0.32%"
"12/23/2019","1,580","1,540","1,590","1,540","51.03M","2.60%"
"12/20/2019","1,540","1,605","1,605","1,505","88.77M","-3.45%"
"12/19/2019","1,595","1,610","1,625","1,545","75.92M","-0.93%"
"12/18/2019","1,610","1,655","1,655","1,595","68.58M","-2.72%"
"12/17/2019","1,655","1,660","1,665","1,525","152.21M","0.91%"
"12/16/2019","1,640","1,595","1,715","1,590","143.38M","3.14%"
"12/13/2019","1,590","1,500","1,600","1,465","129.11M","7.80%"
"12/12/2019","1,475","1,500","1,505","1,465","68.89M","-1.01%"
"12/11/2019","1,490","1,485","1,520","1,465","73.07M","0.34%"
"12/10/2019","1,485","1,405","1,490","1,405","108.75M","4.58%"
"12/09/2019","1,420","1,440","1,460","1,415","33.60M","-0.35%"
"12/06/2019","1,425","1,460","1,465","1,405","62.92M","-2.40%"
"12/05/2019","1,460","1,365","1,460","1,365","156.42M","7.35%"
"12/04/2019","1,360","1,300","1,400","1,290","117.12M","3.42%"
"12/03/2019","1,315","1,295","1,330","1,290","39.17M","0.00%"
"12/02/2019","1,315","1,225","1,315","1,225","37.14M","6.91%"
"11/29/2019","1,230","1,240","1,260","1,210","30.04M","-1.20%"
"11/28/2019","1,245","1,295","1,300","1,245","31.18M","-3.86%"
"11/27/2019","1,295","1,320","1,345","1,280","39.44M","-1.52%"
"11/26/2019","1,315","1,325","1,335","1,300","52.57M","0.38%"
"11/25/2019","1,310","1,330","1,335","1,305","16.33M","-0.76%"
"11/22/2019","1,320","1,335","1,345","1,310","21.62M","0.76%"
"11/21/2019","1,310","1,325","1,335","1,305","20.90M","-1.87%"
"11/20/2019","1,335","1,315","1,335","1,300","26.23M","1.14%"
"11/19/2019","1,320","1,340","1,350","1,290","41.08M","-0.75%"
"11/18/2019","1,330","1,350","1,360","1,315","21.11M","-0.75%"
"11/15/2019","1,340","1,315","1,350","1,300","41.13M","3.08%"
"11/14/2019","1,300","1,345","1,360","1,275","95.83M","-2.62%"
"11/13/2019","1,335","1,425","1,435","1,330","44.74M","-6.32%"
"11/12/2019","1,425","1,420","1,440","1,400","47.29M","0.71%"
"11/11/2019","1,415","1,425","1,435","1,385","37.51M","0.00%"
"11/08/2019","1,415","1,400","1,435","1,395","84.46M","2.17%"
"11/07/2019","1,385","1,390","1,390","1,325","58.54M","-0.36%"
"11/06/2019","1,390","1,375","1,410","1,340","88.85M","1.46%"
"11/05/2019","1,370","1,290","1,370","1,290","63.05M","7.03%"
"11/04/2019","1,280","1,280","1,300","1,270","28.99M","0.79%"
"11/01/2019","1,270","1,300","1,310","1,250","38.23M","-3.05%"
"10/31/2019","1,310","1,305","1,320","1,295","29.07M","0.38%"
"10/30/2019","1,305","1,320","1,335","1,300","34.87M","-2.25%"
"10/29/2019","1,335","1,370","1,375","1,325","33.55M","-2.55%"
"10/28/2019","1,370","1,350","1,375","1,345","27.47M","1.48%"
"10/25/2019","1,350","1,375","1,375","1,335","38.91M","-1.46%"
"10/24/2019","1,370","1,355","1,385","1,345","59.76M","1.11%"
"10/23/2019","1,355","1,365","1,375","1,325","45.61M","-0.73%"
"10/22/2019","1,365","1,365","1,375","1,345","29.11M","0.00%"
"10/21/2019","1,365","1,325","1,370","1,320","58.56M","4.20%"
"10/18/2019","1,310","1,320","1,350","1,310","27.50M","-0.76%"
"10/17/2019","1,320","1,315","1,325","1,300","13.29M","0.38%"
"10/16/2019","1,315","1,340","1,365","1,300","46.98M","-1.13%"
"10/15/2019","1,330","1,305","1,330","1,280","38.83M","2.70%"
"10/14/2019","1,295","1,305","1,325","1,270","22.21M","0.00%"
"10/11/2019","1,295","1,275","1,310","1,270","30.05M","2.78%"
"10/10/2019","1,260","1,260","1,275","1,255","81.11M","-0.79%"
"10/09/2019","1,270","1,275","1,300","1,265","29.10M","-0.78%"
"10/08/2019","1,280","1,275","1,285","1,240","33.35M","2.40%"
"10/07/2019","1,250","1,280","1,290","1,250","27.27M","-1.19%"
"10/04/2019","1,265","1,260","1,285","1,255","17.27M","-0.39%"
"10/03/2019","1,270","1,250","1,285","1,225","26.02M","0.00%"
"10/02/2019","1,270","1,300","1,310","1,270","23.14M","-3.79%"
"10/01/2019","1,320","1,305","1,330","1,300","23.28M","2.33%"
"09/30/2019","1,290","1,315","1,335","1,280","20.91M","-1.90%"
"09/27/2019","1,315","1,290","1,345","1,290","36.06M","2.33%"
"09/26/2019","1,285","1,300","1,320","1,285","16.70M","-1.91%"
"09/25/2019","1,310","1,270","1,315","1,260","30.44M","1.16%"
"09/24/2019","1,295","1,370","1,370","1,275","97.06M","-5.47%"
"09/23/2019","1,370","1,400","1,405","1,365","22.64M","-2.14%"
"09/20/2019","1,400","1,370","1,400","1,355","60.09M","2.19%"
"09/19/2019","1,370","1,400","1,410","1,370","35.99M","-2.49%"
"09/18/2019","1,405","1,420","1,420","1,380","37.32M","-2.09%"
"09/17/2019","1,435","1,440","1,460","1,420","51.61M","0.35%"
"09/16/2019","1,430","1,425","1,460","1,400","112.70M","4.00%"
"09/13/2019","1,375","1,435","1,445","1,355","82.69M","-4.18%"
"09/12/2019","1,435","1,475","1,485","1,430","69.14M","-2.38%"
"09/11/2019","1,470","1,430","1,475","1,425","153.63M","4.26%"
"09/10/2019","1,410","1,430","1,440","1,355","104.96M","-0.35%"
"09/09/2019","1,415","1,350","1,450","1,350","254.38M","5.99%"
"09/06/2019","1,335","1,275","1,345","1,275","139.58M","5.95%"
"09/05/2019","1,260","1,235","1,265","1,220","60.09M","2.02%"
"09/04/2019","1,235","1,220","1,250","1,205","88.49M","3.78%"
"09/03/2019","1,190","1,165","1,215","1,165","106.60M","3.03%"
"09/02/2019","1,155","1,125","1,160","1,105","81.22M","2.67%"
"08/30/2019","1,125","1,120","1,145","1,110","66.59M","2.27%"
"08/29/2019","1,100","1,115","1,120","1,100","32.00M","-0.45%"
"08/28/2019","1,105","1,130","1,140","1,100","48.18M","-2.21%"
"08/27/2019","1,130","1,130","1,155","1,090","139.04M","0.89%"
"08/26/2019","1,120","1,060","1,120","1,050","82.14M","3.23%"
"08/23/2019","1,085","1,055","1,145","1,045","196.15M","6.37%"
"08/22/2019","1,020","1,035","1,040","1,020","32.65M","-0.97%"
