Date,Open,High,Low,Close,Volume
22/08/2019 16:00:00,1035,1040,1020,1020,32651600
23/08/2019 16:00:00,1055,1145,1045,1085,196150500
26/08/2019 16:00:00,1060,1120,1050,1120,82143700
27/08/2019 16:00:00,1130,1155,1090,1130,139043800
28/08/2019 16:00:00,1130,1140,1100,1105,48177500
29/08/2019 16:00:00,1115,1120,1100,1100,32001100
30/08/2019 16:00:00,1120,1145,1110,1125,66591200
02/09/2019 16:00:00,1125,1160,1105,1155,81216100
03/09/2019 16:00:00,1165,1215,1165,1190,106598700
04/09/2019 16:00:00,1220,1250,1205,1235,88492300
05/09/2019 16:00:00,1235,1265,1220,1260,60091300
06/09/2019 16:00:00,1275,1345,1275,1335,139576900
09/09/2019 16:00:00,1350,1450,1350,1415,254375800
10/09/2019 16:00:00,1430,1440,1355,1410,104962000
11/09/2019 16:00:00,1430,1475,1425,1470,153633300
12/09/2019 16:00:00,1475,1485,1430,1435,69136000
13/09/2019 16:00:00,1435,1445,1355,1375,82692300
16/09/2019 16:00:00,1425,1460,1400,1430,112703000
17/09/2019 16:00:00,1440,1460,1420,1435,51608900
18/09/2019 16:00:00,1420,1420,1380,1405,37323600
19/09/2019 16:00:00,1400,1410,1370,1370,35991200
20/09/2019 16:00:00,1370,1400,1355,1400,60093800
23/09/2019 16:00:00,1400,1405,1365,1370,22636300
24/09/2019 16:00:00,1370,1370,1275,1295,97064300
25/09/2019 16:00:00,1270,1315,1260,1310,30439800
26/09/2019 16:00:00,1300,1320,1285,1285,16697200
27/09/2019 16:00:00,1290,1345,1290,1315,36058200
30/09/2019 16:00:00,1315,1335,1280,1290,20913600
01/10/2019 16:00:00,1305,1330,1300,1320,23275800
02/10/2019 16:00:00,1300,1310,1270,1270,23143200
03/10/2019 16:00:00,1250,1285,1225,1270,26019600
04/10/2019 16:00:00,1260,1285,1255,1265,17273800
07/10/2019 16:00:00,1280,1290,1250,1250,27269900
08/10/2019 16:00:00,1275,1285,1240,1280,33348200
09/10/2019 16:00:00,1275,1300,1265,1270,29098800
10/10/2019 16:00:00,1260,1275,1255,1260,81111300
11/10/2019 16:00:00,1275,1310,1270,1295,30052100
14/10/2019 16:00:00,1305,1325,1270,1295,22205700
15/10/2019 16:00:00,1305,1330,1280,1330,38825600
16/10/2019 16:00:00,1340,1365,1300,1315,46976400
17/10/2019 16:00:00,1315,1325,1300,1320,13291200
18/10/2019 16:00:00,1320,1350,1310,1310,27499200
21/10/2019 16:00:00,1325,1370,1320,1365,58562400
22/10/2019 16:00:00,1365,1375,1345,1365,29111700
23/10/2019 16:00:00,1365,1375,1325,1355,45606400
24/10/2019 16:00:00,1355,1385,1345,1370,59764100
25/10/2019 16:00:00,1375,1375,1335,1350,38912400
28/10/2019 16:00:00,1350,1375,1345,1370,27468800
29/10/2019 16:00:00,1370,1375,1325,1335,33546400
30/10/2019 16:00:00,1320,1335,1300,1305,34870600
31/10/2019 16:00:00,1305,1320,1295,1310,29065600
01/11/2019 16:00:00,1300,1310,1250,1270,38229500
04/11/2019 16:00:00,1280,1300,1270,1280,28986500
05/11/2019 16:00:00,1290,1370,1290,1370,63048100
06/11/2019 16:00:00,1375,1410,1340,1390,88847800
07/11/2019 16:00:00,1390,1390,1325,1385,58536200
08/11/2019 16:00:00,1400,1435,1395,1415,84463700
11/11/2019 16:00:00,1425,1435,1385,1415,37511800
12/11/2019 16:00:00,1420,1440,1400,1425,47287000
13/11/2019 16:00:00,1425,1435,1330,1335,44738000
14/11/2019 16:00:00,1345,1360,1275,1300,95825800
15/11/2019 16:00:00,1315,1350,1300,1340,41127700
18/11/2019 16:00:00,1350,1360,1315,1330,21106400
19/11/2019 16:00:00,1340,1350,1290,1320,41076600
20/11/2019 16:00:00,1315,1335,1300,1335,26231800
21/11/2019 16:00:00,1325,1335,1305,1310,20904500
22/11/2019 16:00:00,1335,1345,1310,1320,21624800
25/11/2019 16:00:00,1330,1335,1305,1310,16328900
26/11/2019 16:00:00,1325,1335,1300,1315,52566500
27/11/2019 16:00:00,1320,1345,1280,1295,39437500
28/11/2019 16:00:00,1295,1300,1245,1245,31176400
29/11/2019 16:00:00,1240,1260,1210,1230,30039500
02/12/2019 16:00:00,1225,1315,1225,1315,37141500
03/12/2019 16:00:00,1295,1330,1290,1315,39171900
04/12/2019 16:00:00,1300,1400,1290,1360,117122000
05/12/2019 16:00:00,1365,1460,1365,1460,156417000
06/12/2019 16:00:00,1460,1465,1405,1425,62918700
09/12/2019 16:00:00,1440,1460,1415,1420,33597300
10/12/2019 16:00:00,1405,1490,1405,1485,108751900
11/12/2019 16:00:00,1485,1520,1465,1490,73070500
12/12/2019 16:00:00,1500,1505,1465,1475,68887300
13/12/2019 16:00:00,1500,1600,1465,1590,129108300
16/12/2019 16:00:00,1595,1715,1590,1640,143379600
17/12/2019 16:00:00,1660,1665,1525,1655,152206000
18/12/2019 16:00:00,1655,1655,1595,1610,68583400
19/12/2019 16:00:00,1610,1625,1545,1595,75920100
20/12/2019 16:00:00,1605,1605,1505,1540,88766700
23/12/2019 16:00:00,1540,1590,1540,1580,51031300
26/12/2019 16:00:00,1590,1620,1570,1585,41404600
27/12/2019 16:00:00,1590,1610,1575,1580,31331800
30/12/2019 16:00:00,1565,1590,1555,1555,49275500
02/01/2020 16:00:00,1555,1555,1490,1495,76612000
03/01/2020 16:00:00,1460,1470,1425,1465,117795600
06/01/2020 16:00:00,1455,1515,1450,1465,61423200
07/01/2020 16:00:00,1480,1540,1460,1540,74336500
08/01/2020 16:00:00,1530,1535,1505,1505,55121100
09/01/2020 16:00:00,1520,1525,1475,1495,41270800
10/01/2020 16:00:00,1520,1565,1515,1550,97200800
13/01/2020 16:00:00,1585,1595,1555,1565,79898600
14/01/2020 16:00:00,1580,1585,1535,1560,68815800
15/01/2020 16:00:00,1555,1555,1475,1475,79941500
16/01/2020 16:00:00,1480,1505,1455,1470,47679400
17/01/2020 16:00:00,1470,1485,1460,1480,20952100
20/01/2020 16:00:00,1485,1490,1430,1435,23993600
21/01/2020 16:00:00,1425,1455,1400,1415,38058600
22/01/2020 16:00:00,1415,1420,1360,1365,63630500
23/01/2020 16:00:00,1350,1390,1320,1380,66076300
24/01/2020 16:00:00,1390,1395,1370,1380,14852500
27/01/2020 16:00:00,1370,1370,1290,1295,42333400
28/01/2020 16:00:00,1280,1345,1260,1325,77945500
29/01/2020 16:00:00,1330,1345,1300,1305,27119800
30/01/2020 16:00:00,1305,1325,1280,1295,24536100
31/01/2020 16:00:00,1305,1305,1225,1225,79503700
03/02/2020 16:00:00,1200,1245,1180,1225,66293300
04/02/2020 16:00:00,1260,1285,1235,1270,65979400
05/02/2020 16:00:00,1295,1345,1295,1315,60602000
06/02/2020 16:00:00,1350,1350,1280,1305,37379900
07/02/2020 16:00:00,1285,1315,1285,1305,15026100
10/02/2020 16:00:00,1290,1295,1265,1280,19636900
11/02/2020 16:00:00,1295,1315,1275,1315,32034700
12/02/2020 16:00:00,1325,1335,1315,1330,40092100
13/02/2020 16:00:00,1335,1355,1295,1350,62528100
14/02/2020 16:00:00,1350,1360,1310,1320,29880000
17/02/2020 16:00:00,1325,1330,1305,1320,12413400
18/02/2020 16:00:00,1320,1350,1315,1330,28647600
19/02/2020 16:00:00,1335,1345,1290,1305,49522500
20/02/2020 16:00:00,1315,1360,1310,1350,45664600
21/02/2020 16:00:00,1350,1355,1310,1310,33041400
24/02/2020 16:00:00,1285,1310,1270,1285,37626300
25/02/2020 16:00:00,1270,1300,1260,1285,31970000
26/02/2020 16:00:00,1275,1295,1250,1250,38644500
27/02/2020 16:00:00,1250,1275,1155,1165,62491000
28/02/2020 16:00:00,1130,1160,1085,1155,63533800
02/03/2020 16:00:00,1175,1195,1100,1115,41125400
03/03/2020 16:00:00,1140,1180,1125,1140,90994700
04/03/2020 16:00:00,1125,1215,1110,1205,85031200
05/03/2020 16:00:00,1220,1225,1155,1175,63958800
06/03/2020 16:00:00,1140,1180,1140,1160,33637700
09/03/2020 16:00:00,1060,1085,1000,1010,85414300
10/03/2020 16:00:00,1020,1060,1010,1030,47800300
11/03/2020 16:00:00,1030,1035,930,965,70759400
12/03/2020 16:00:00,900,930,820,830,75896100
13/03/2020 16:00:00,790,860,775,830,90075800
16/03/2020 16:00:00,830,830,775,775,26742000
17/03/2020 16:00:00,760,760,725,725,47571500
18/03/2020 16:00:00,725,760,675,690,85489000
19/03/2020 16:00:00,670,670,645,645,57290600
20/03/2020 16:00:00,645,800,610,745,139182200
23/03/2020 16:00:00,725,835,695,775,111577400
24/03/2020 16:00:00,810,900,780,850,82445200
26/03/2020 16:00:00,885,1010,870,965,120540900
27/03/2020 16:00:00,990,1050,920,990,76999800
30/03/2020 16:00:00,970,970,925,925,28451400
31/03/2020 16:00:00,925,1020,925,990,83005000
01/04/2020 16:00:00,995,1030,940,1020,56063700
02/04/2020 16:00:00,980,1055,970,1040,29924200
03/04/2020 16:00:00,1055,1100,1040,1100,43071600
06/04/2020 16:00:00,1110,1150,1080,1150,41495700
07/04/2020 16:00:00,1190,1200,1075,1140,52492500
08/04/2020 16:00:00,1150,1150,1065,1065,44442400
09/04/2020 16:00:00,1015,1080,1000,1040,31567000
13/04/2020 16:00:00,1050,1075,1020,1040,13653600
14/04/2020 16:00:00,1040,1080,1040,1080,24122100
15/04/2020 16:00:00,1080,1100,1010,1045,29124400
16/04/2020 16:00:00,1035,1035,975,975,33908100
17/04/2020 16:00:00,1000,1050,990,1035,36048300
20/04/2020 16:00:00,1030,1045,980,985,31892700
21/04/2020 16:00:00,970,970,920,930,45011700
22/04/2020 16:00:00,930,930,870,885,64670900
23/04/2020 16:00:00,900,925,895,905,50027600
24/04/2020 16:00:00,910,985,870,875,98736600
27/04/2020 16:00:00,900,945,885,900,97943800
28/04/2020 16:00:00,910,915,875,890,47890200
29/04/2020 16:00:00,895,905,880,885,43090800
30/04/2020 16:00:00,895,920,890,920,82626500
04/05/2020 16:00:00,920,920,870,890,68085900
05/05/2020 16:00:00,905,925,895,905,51891500
06/05/2020 16:00:00,920,965,900,950,105354100
08/05/2020 16:00:00,955,1030,955,1025,144477800
11/05/2020 16:00:00,1040,1060,1025,1030,62095700
12/05/2020 16:00:00,1040,1060,1000,1005,49628600
13/05/2020 16:00:00,1005,1040,970,1000,43999100
14/05/2020 16:00:00,1025,1025,930,945,89411900
15/05/2020 16:00:00,955,970,910,925,38978300
18/05/2020 16:00:00,935,1020,930,1020,76684300
19/05/2020 16:00:00,1035,1065,990,1005,85706200
20/05/2020 16:00:00,1015,1020,970,980,41027400
26/05/2020 16:00:00,1000,1020,975,1000,49777400
27/05/2020 16:00:00,1020,1020,990,1000,47426900
28/05/2020 16:00:00,1005,1075,1000,1030,137778200
29/05/2020 16:00:00,1015,1100,1015,1100,139275700
02/06/2020 16:00:00,1100,1185,1095,1145,123823700
03/06/2020 16:00:00,1155,1180,1150,1165,89675400
04/06/2020 16:00:00,1135,1150,1105,1120,100659200
05/06/2020 16:00:00,1130,1130,1085,1100,73108200
08/06/2020 16:00:00,1110,1175,1110,1160,88605200
09/06/2020 16:00:00,1165,1240,1160,1180,117226600
10/06/2020 16:00:00,1175,1180,1100,1100,65467500
11/06/2020 16:00:00,1100,1110,1055,1070,31930900
12/06/2020 16:00:00,1060,1070,1010,1060,49986300
15/06/2020 16:00:00,1070,1085,1010,1020,35356800
16/06/2020 16:00:00,1040,1085,1040,1075,48677100
17/06/2020 16:00:00,1085,1095,1055,1070,38939600
18/06/2020 16:00:00,1065,1075,1030,1030,59061200
19/06/2020 16:00:00,1040,1060,1035,1040,70199400
22/06/2020 16:00:00,1050,1055,1020,1030,38485700
23/06/2020 16:00:00,1050,1050,990,1005,80075000
24/06/2020 16:00:00,1015,1050,1010,1045,80781000
25/06/2020 16:00:00,1035,1035,1005,1005,58913100
26/06/2020 16:00:00,1025,1025,1010,1015,40144900
29/06/2020 16:00:00,1015,1025,1000,1005,53482300
30/06/2020 16:00:00,1020,1020,990,995,88016000
01/07/2020 16:00:00,995,1045,990,1045,98514700
02/07/2020 16:00:00,1055,1080,1045,1050,170254500
03/07/2020 16:00:00,1060,1080,1035,1040,55575100
06/07/2020 16:00:00,1050,1065,1035,1065,42400100
07/07/2020 16:00:00,1080,1085,1050,1050,94523900
08/07/2020 16:00:00,1050,1075,1050,1065,60115300
09/07/2020 16:00:00,1065,1125,1060,1095,138899500
10/07/2020 16:00:00,1095,1110,1080,1085,70076300
13/07/2020 16:00:00,1085,1160,1080,1155,134592000
14/07/2020 16:00:00,1145,1170,1125,1155,127484300
15/07/2020 16:00:00,1170,1180,1125,1130,60120300
16/07/2020 16:00:00,1135,1150,1105,1110,62091100
17/07/2020 16:00:00,1115,1160,1110,1155,93909100
20/07/2020 16:00:00,1155,1165,1130,1130,46512900
21/07/2020 16:00:00,1130,1145,1115,1135,52362800
22/07/2020 16:00:00,1140,1150,1120,1125,38753200
23/07/2020 16:00:00,1130,1145,1120,1130,64260600
24/07/2020 16:00:00,1130,1135,1085,1090,57475100
27/07/2020 16:00:00,1090,1110,1080,1110,26677900
28/07/2020 16:00:00,1115,1125,1075,1090,85970300
29/07/2020 16:00:00,1085,1095,1070,1085,32109100
30/07/2020 16:00:00,1090,1100,1075,1085,41227100
03/08/2020 16:00:00,1090,1095,1010,1030,59722100
04/08/2020 16:00:00,1040,1060,1030,1035,46118000
05/08/2020 16:00:00,1045,1055,1030,1050,32037900
06/08/2020 16:00:00,1060,1120,1055,1115,78094300
07/08/2020 16:00:00,1115,1130,1085,1095,42983500
10/08/2020 16:00:00,1095,1140,1095,1140,83699000
11/08/2020 16:00:00,1145,1170,1125,1150,77790400
12/08/2020 16:00:00,1150,1150,1105,1120,46530100
13/08/2020 16:00:00,1120,1130,1105,1115,40519400
14/08/2020 16:00:00,1115,1125,1100,1115,39456900
18/08/2020 16:00:00,1115,1125,1110,1115,40083600
19/08/2020 16:00:00,1115,1135,1100,1115,74016400
24/08/2020 16:00:00,1115,1120,1090,1095,51729800
25/08/2020 16:00:00,1100,1110,1095,1100,46196300
26/08/2020 16:00:00,1110,1135,1095,1110,74077900
27/08/2020 16:00:00,1120,1130,1110,1125,61274600
28/08/2020 16:00:00,1130,1160,1130,1145,108671900
31/08/2020 16:00:00,1160,1165,1085,1085,85351100
01/09/2020 16:00:00,1090,1140,1080,1140,86245000
02/09/2020 16:00:00,1145,1215,1135,1215,267164700
03/09/2020 16:00:00,1210,1230,1175,1205,139885600
04/09/2020 16:00:00,1190,1205,1160,1205,77208600
07/09/2020 16:00:00,1205,1260,1180,1250,109160300
08/09/2020 16:00:00,1250,1280,1220,1240,105277500
09/09/2020 16:00:00,1220,1240,1180,1200,85808300
10/09/2020 16:00:00,1185,1190,1120,1120,104709600
11/09/2020 16:00:00,1080,1185,1080,1180,86766800
14/09/2020 16:00:00,1200,1220,1185,1200,57485800
15/09/2020 16:00:00,1215,1215,1175,1190,44495200
16/09/2020 16:00:00,1195,1205,1140,1145,52672700
17/09/2020 16:00:00,1165,1180,1125,1130,53488300
18/09/2020 16:00:00,1150,1155,1125,1145,87127400
21/09/2020 16:00:00,1155,1160,1140,1145,38247000
22/09/2020 16:00:00,1130,1180,1125,1160,68846900
23/09/2020 16:00:00,1175,1190,1150,1160,64671800
24/09/2020 16:00:00,1145,1160,1130,1130,39759400
25/09/2020 16:00:00,1140,1160,1130,1140,53909400
28/09/2020 16:00:00,1150,1155,1125,1130,26949400
29/09/2020 16:00:00,1140,1185,1140,1165,89147900
30/09/2020 16:00:00,1170,1175,1110,1135,51823100
01/10/2020 16:00:00,1150,1180,1135,1180,31098400
02/10/2020 16:00:00,1180,1185,1120,1140,43192400
05/10/2020 16:00:00,1150,1155,1120,1125,44630600
06/10/2020 16:00:00,1135,1145,1125,1125,33352500
07/10/2020 16:00:00,1125,1135,1115,1130,45283200
08/10/2020 16:00:00,1140,1155,1125,1130,72357800
09/10/2020 16:00:00,1120,1125,1110,1115,73435200
12/10/2020 16:00:00,1120,1130,1110,1110,54683000
13/10/2020 16:00:00,1110,1155,1090,1150,121076600
14/10/2020 16:00:00,1150,1200,1130,1185,123826100
15/10/2020 16:00:00,1185,1195,1155,1155,72630600
16/10/2020 16:00:00,1170,1230,1145,1220,135715400
19/10/2020 16:00:00,1240,1240,1210,1220,73973200
20/10/2020 16:00:00,1220,1225,1200,1210,42037100
21/10/2020 16:00:00,1220,1220,1190,1200,45076700
22/10/2020 16:00:00,1190,1190,1155,1160,91568400
23/10/2020 16:00:00,1175,1175,1140,1145,52389600
26/10/2020 16:00:00,1145,1155,1140,1145,32605100
27/10/2020 16:00:00,1145,1150,1125,1125,41562300
02/11/2020 16:00:00,1120,1150,1100,1130,51499400
03/11/2020 16:00:00,1140,1165,1140,1145,70174800
04/11/2020 16:00:00,1150,1160,1105,1110,66743200
05/11/2020 16:00:00,1140,1155,1125,1140,44255800
06/11/2020 16:00:00,1150,1155,1130,1140,57817100
09/11/2020 16:00:00,1150,1155,1120,1130,79574200
10/11/2020 16:00:00,1150,1155,1130,1140,61432600
11/11/2020 16:00:00,1150,1205,1145,1205,218766200
12/11/2020 16:00:00,1205,1205,1160,1175,90738000
13/11/2020 16:00:00,1170,1190,1155,1165,64105000
16/11/2020 16:00:00,1180,1205,1165,1195,77947500
17/11/2020 16:00:00,1205,1210,1180,1180,99737900
18/11/2020 16:00:00,1180,1205,1180,1190,72626600
19/11/2020 16:00:00,1195,1255,1180,1240,221812500
20/11/2020 16:00:00,1245,1260,1210,1215,121792400
23/11/2020 16:00:00,1230,1290,1225,1290,195985700
24/11/2020 16:00:00,1320,1335,1290,1300,159576400
25/11/2020 16:00:00,1335,1350,1275,1300,152184000
26/11/2020 16:00:00,1335,1365,1325,1360,135992700
27/11/2020 16:00:00,1385,1410,1375,1390,163284800
30/11/2020 16:00:00,1400,1475,1295,1390,452796900
01/12/2020 16:00:00,1410,1425,1340,1390,191809000
02/12/2020 16:00:00,1400,1410,1370,1390,111410600
03/12/2020 16:00:00,1405,1430,1375,1375,147801800
04/12/2020 16:00:00,1405,1460,1360,1435,403854300
07/12/2020 16:00:00,1500,1530,1475,1485,277745100
08/12/2020 16:00:00,1510,1545,1485,1545,414707600
10/12/2020 16:00:00,1580,1600,1525,1545,321869700
11/12/2020 16:00:00,1570,1575,1530,1535,108605000
14/12/2020 16:00:00,1560,1585,1555,1570,175731000
15/12/2020 16:00:00,1570,1575,1530,1530,143516900
16/12/2020 16:00:00,1550,1570,1545,1555,183469700
17/12/2020 16:00:00,1555,1555,1455,1490,255575900
18/12/2020 16:00:00,1490,1500,1465,1480,136218100
21/12/2020 16:00:00,1490,1595,1470,1555,289216400
22/12/2020 16:00:00,1555,1560,1470,1470,193705300
23/12/2020 16:00:00,1500,1540,1400,1490,177123600
28/12/2020 16:00:00,1515,1520,1460,1505,98726000
29/12/2020 16:00:00,1530,1540,1470,1490,99547900
30/12/2020 16:00:00,1490,1490,1425,1430,82195800
04/01/2021 15:00:00,1430,1460,1360,1455,110366200
05/01/2021 15:00:00,1455,1470,1420,1425,107023500
06/01/2021 15:00:00,1415,1420,1340,1375,203948800
07/01/2021 16:00:00,1370,1430,1360,1405,204243100
08/01/2021 16:00:00,1450,1485,1430,1445,165263900
11/01/2021 15:00:00,1490,1540,1470,1525,278542900
12/01/2021 15:00:00,1530,1535,1470,1475,183107400
13/01/2021 15:00:00,1530,1540,1490,1515,204773900
14/01/2021 15:00:00,1525,1535,1490,1495,105347800
15/01/2021 15:00:00,1495,1495,1450,1455,86423600
18/01/2021 15:00:00,1450,1485,1425,1440,101719800
19/01/2021 15:00:00,1440,1460,1390,1415,80577200
20/01/2021 15:00:00,1400,1440,1385,1415,77779700
21/01/2021 15:00:00,1425,1435,1405,1410,46712900
22/01/2021 15:00:00,1410,1420,1345,1350,92579500
25/01/2021 15:00:00,1350,1350,1260,1295,142274300
26/01/2021 15:00:00,1290,1335,1230,1260,138670800
27/01/2021 15:00:00,1260,1285,1215,1245,119157300
28/01/2021 15:00:00,1230,1275,1190,1200,201003600
29/01/2021 15:00:00,1220,1255,1160,1200,192575300
01/02/2021 15:00:00,1205,1235,1165,1230,165569500
02/02/2021 15:00:00,1230,1265,1185,1200,176841000
03/02/2021 15:00:00,1200,1210,1155,1170,173080500
04/02/2021 15:00:00,1170,1210,1150,1165,296042000
05/02/2021 15:00:00,1185,1230,1175,1210,225757600
08/02/2021 15:00:00,1240,1255,1215,1220,171974800
09/02/2021 15:00:00,1235,1235,1200,1210,124214600
10/02/2021 15:00:00,1220,1225,1195,1200,70872800
11/02/2021 15:00:00,1200,1230,1195,1215,79109900
15/02/2021 15:00:00,1230,1240,1210,1215,75301100
16/02/2021 15:00:00,1215,1235,1205,1210,72063600
17/02/2021 15:00:00,1210,1220,1170,1180,123787800
18/02/2021 15:00:00,1180,1200,1165,1175,68479800
19/02/2021 15:00:00,1175,1185,1160,1180,55397800
22/02/2021 15:00:00,1195,1230,1185,1210,168255300
23/02/2021 16:00:00,1225,1230,1200,1205,96889300
24/02/2021 15:00:00,1215,1220,1185,1185,74830000
25/02/2021 15:00:00,1200,1215,1190,1200,79549900
26/02/2021 15:00:00,1180,1195,1175,1180,89372000
01/03/2021 15:00:00,1195,1200,1180,1185,96722600
02/03/2021 15:00:00,1200,1220,1185,1185,125690800
03/03/2021 15:00:00,1195,1200,1185,1185,53347200
04/03/2021 15:00:00,1185,1235,1180,1220,242780100
05/03/2021 15:00:00,1210,1220,1175,1180,157251500
08/03/2021 16:00:00,1190,1200,1170,1175,73736900
09/03/2021 15:00:00,1175,1190,1160,1165,84429300
10/03/2021 15:00:00,1175,1185,1160,1170,53621900
12/03/2021 15:00:00,1190,1225,1185,1210,170821500
15/03/2021 15:00:00,1225,1260,1220,1235,173813000
16/03/2021 15:00:00,1245,1250,1205,1220,99266400
17/03/2021 15:00:00,1215,1235,1215,1230,67741700
18/03/2021 15:00:00,1245,1270,1235,1270,174402800
19/03/2021 15:00:00,1270,1300,1240,1300,377618800
22/03/2021 15:00:00,1305,1340,1280,1285,178934000
23/03/2021 15:00:00,1320,1330,1290,1300,108812100
24/03/2021 15:00:00,1280,1280,1220,1225,139175600
25/03/2021 15:00:00,1225,1245,1190,1205,119051300
26/03/2021 15:00:00,1215,1225,1200,1220,58260700
29/03/2021 15:00:00,1230,1235,1205,1205,51416200
30/03/2021 15:00:00,1205,1205,1170,1175,93116600
31/03/2021 15:00:00,1175,1185,1160,1175,80881500
01/04/2021 15:00:00,1175,1200,1170,1180,51622400
05/04/2021 15:00:00,1195,1205,1180,1185,45262300
06/04/2021 15:00:00,1200,1210,1180,1210,48401800
07/04/2021 15:00:00,1210,1225,1200,1220,39520700
08/04/2021 15:00:00,1220,1230,1205,1230,44812000
09/04/2021 15:00:00,1220,1230,1205,1205,38632200
12/04/2021 15:00:00,1210,1215,1175,1180,40274800
13/04/2021 15:00:00,1180,1185,1160,1160,61790200
14/04/2021 15:00:00,1175,1200,1165,1195,38916200
15/04/2021 15:00:00,1195,1200,1170,1190,38983700
16/04/2021 15:00:00,1190,1190,1175,1185,37678700
19/04/2021 15:00:00,1185,1205,1175,1185,81678100
20/04/2021 15:00:00,1190,1205,1180,1185,47902500
21/04/2021 15:00:00,1175,1190,1175,1180,27795700
22/04/2021 15:00:00,1185,1190,1170,1170,23846500
23/04/2021 15:00:00,1175,1205,1175,1200,43584100
26/04/2021 15:00:00,1200,1225,1185,1210,66246100
27/04/2021 15:00:00,1225,1230,1200,1210,50472900
28/04/2021 15:00:00,1215,1230,1210,1215,30395800
29/04/2021 15:00:00,1225,1260,1220,1255,78611100
30/04/2021 15:00:00,1255,1260,1235,1245,54932900
03/05/2021 16:00:00,1260,1260,1230,1240,73385300
04/05/2021 16:00:00,1240,1255,1235,1250,90623400
05/05/2021 15:00:00,1210,1210,1185,1195,80251300
06/05/2021 15:00:00,1195,1215,1185,1185,52912600
07/05/2021 15:00:00,1195,1210,1180,1185,63337000
10/05/2021 16:00:00,1195,1210,1190,1195,45753000
11/05/2021 16:00:00,1195,1220,1190,1195,78403200
17/05/2021 15:00:00,1210,1215,1180,1185,69060200
18/05/2021 15:00:00,1200,1200,1170,1200,31413900
19/05/2021 15:00:00,1195,1195,1175,1175,23994100
20/05/2021 15:00:00,1175,1185,1170,1170,29580300
21/05/2021 15:00:00,1190,1195,1160,1165,45227600
24/05/2021 15:00:00,1190,1190,1160,1160,50015000
25/05/2021 15:00:00,1175,1195,1165,1170,78866700
27/05/2021 15:00:00,1180,1190,1165,1165,84522100
28/05/2021 15:00:00,1165,1180,1160,1170,43862200
31/05/2021 15:00:00,1180,1190,1170,1190,59786600
02/06/2021 15:00:00,1195,1260,1195,1260,221123100
03/06/2021 15:00:00,1265,1265,1235,1250,58947200
04/06/2021 15:00:00,1245,1260,1210,1230,58632800
07/06/2021 15:00:00,1230,1230,1200,1205,36090000
08/06/2021 15:00:00,1220,1235,1205,1210,46908800
09/06/2021 15:00:00,1215,1225,1205,1215,40082700
10/06/2021 15:00:00,1230,1240,1210,1210,39268300
11/06/2021 15:00:00,1225,1350,1225,1315,386854000
14/06/2021 16:00:00,1320,1340,1295,1325,107804300
15/06/2021 15:00:00,1320,1320,1280,1310,109048500
16/06/2021 15:00:00,1300,1400,1290,1395,264328700
17/06/2021 15:00:00,1385,1405,1355,1355,81946100
18/06/2021 15:00:00,1355,1375,1285,1310,149122700
21/06/2021 16:00:00,1290,1305,1250,1285,84475900
22/06/2021 15:00:00,1295,1315,1275,1290,77750600
23/06/2021 15:00:00,1305,1315,1255,1260,73515700
24/06/2021 15:00:00,1260,1270,1225,1245,52732300
25/06/2021 15:00:00,1255,1295,1235,1285,106349300
28/06/2021 16:00:00,1300,1305,1230,1235,71317300
29/06/2021 15:00:00,1230,1245,1205,1215,46827300
30/06/2021 15:00:00,1215,1225,1190,1205,76460900
01/07/2021 15:00:00,1220,1240,1195,1205,53853700
02/07/2021 15:00:00,1220,1270,1205,1260,115326200
05/07/2021 15:00:00,1265,1265,1230,1235,50259700
06/07/2021 15:00:00,1260,1300,1255,1290,83567200
07/07/2021 15:00:00,1275,1275,1230,1250,72700000
08/07/2021 15:00:00,1250,1250,1210,1220,50605000
09/07/2021 15:00:00,1230,1255,1215,1250,46284000
12/07/2021 15:00:00,1270,1270,1235,1235,43425000
13/07/2021 15:00:00,1240,1245,1220,1230,30860600
14/07/2021 15:00:00,1230,1255,1215,1220,57171600
15/07/2021 15:00:00,1215,1240,1215,1225,45141600
16/07/2021 15:00:00,1240,1260,1225,1240,44257000
19/07/2021 15:00:00,1250,1265,1240,1250,47573900
21/07/2021 15:00:00,1260,1260,1235,1240,50329700
22/07/2021 15:00:00,1250,1340,1240,1335,178204200
23/07/2021 15:00:00,1335,1335,1295,1305,69244900
26/07/2021 15:00:00,1300,1310,1275,1280,55386900
27/07/2021 15:00:00,1290,1305,1260,1275,31381500
28/07/2021 15:00:00,1280,1285,1255,1270,46422700
29/07/2021 15:00:00,1285,1345,1275,1325,103637900
30/07/2021 15:00:00,1325,1365,1295,1335,116435600
02/08/2021 15:00:00,1345,1390,1340,1370,86145100
03/08/2021 15:00:00,1370,1370,1345,1350,61492100
04/08/2021 15:00:00,1350,1365,1345,1360,30115900
05/08/2021 15:00:00,1360,1370,1300,1300,99527400
06/08/2021 15:00:00,1310,1325,1285,1290,41862500
09/08/2021 15:00:00,1305,1340,1290,1300,56861800
10/08/2021 15:00:00,1320,1350,1300,1340,82237200
12/08/2021 15:00:00,1350,1415,1345,1410,185580600
13/08/2021 15:00:00,1420,1430,1370,1385,71600800
16/08/2021 15:00:00,1385,1400,1355,1365,47327100
18/08/2021 15:00:00,1360,1375,1325,1340,68965200
19/08/2021 15:00:00,1340,1355,1295,1295,61887100
20/08/2021 15:00:00,1290,1305,1260,1265,88174800
23/08/2021 16:00:00,1265,1320,1265,1315,61341500
24/08/2021 16:00:00,1340,1340,1250,1260,127792400
25/08/2021 15:00:00,1270,1280,1255,1255,65065500
26/08/2021 15:00:00,1270,1290,1250,1280,62480500
27/08/2021 15:00:00,1280,1280,1245,1245,70195900
30/08/2021 15:00:00,1260,1300,1260,1300,79496000
31/08/2021 15:00:00,1310,1310,1260,1260,82451800
01/09/2021 15:00:00,1280,1320,1275,1320,133083800
02/09/2021 15:00:00,1325,1345,1300,1320,82690300
03/09/2021 15:00:00,1335,1360,1325,1355,107931100
06/09/2021 15:00:00,1365,1380,1350,1365,61146600
07/09/2021 15:00:00,1365,1370,1340,1345,31543200
08/09/2021 15:00:00,1345,1360,1325,1330,68516800
09/09/2021 15:00:00,1340,1370,1330,1365,83497400
10/09/2021 15:00:00,1370,1375,1345,1350,61919000
13/09/2021 15:00:00,1350,1350,1330,1340,26391100
14/09/2021 15:00:00,1350,1395,1345,1385,98476700
15/09/2021 15:00:00,1375,1410,1365,1390,136898100
16/09/2021 15:00:00,1395,1410,1375,1390,50599200
17/09/2021 15:00:00,1370,1370,1315,1335,101975300
20/09/2021 15:00:00,1330,1345,1315,1320,50111200
21/09/2021 15:00:00,1320,1360,1305,1345,64966900
22/09/2021 15:00:00,1355,1410,1345,1400,133762600
23/09/2021 15:00:00,1410,1445,1390,1415,146626700
24/09/2021 15:00:00,1430,1515,1425,1500,303647800
27/09/2021 15:00:00,1515,1560,1505,1510,158865800
28/09/2021 15:00:00,1600,1785,1600,1740,503914800
29/09/2021 15:00:00,1740,1795,1705,1720,246864600
30/09/2021 15:00:00,1730,1805,1730,1760,267379500
01/10/2021 15:00:00,1775,1830,1740,1780,176722300
04/10/2021 15:00:00,1830,1900,1830,1860,235058800
05/10/2021 15:00:00,1920,1980,1800,1830,347837200
06/10/2021 15:00:00,1925,1945,1850,1865,274437500
07/10/2021 15:00:00,1785,1785,1735,1735,423593500
08/10/2021 15:00:00,1730,1815,1720,1815,247024500
11/10/2021 15:00:00,1820,1920,1815,1915,343765900
12/10/2021 16:00:00,1925,1940,1860,1885,263636400
13/10/2021 15:00:00,1885,1900,1840,1860,176095000
14/10/2021 16:00:00,1855,1885,1840,1855,129722500
15/10/2021 16:00:00,1860,1885,1835,1860,153446000
18/10/2021 15:00:00,1845,1895,1830,1875,124022900
19/10/2021 15:00:00,1850,1870,1835,1855,89410600
21/10/2021 15:00:00,1790,1800,1735,1755,250080900
22/10/2021 15:00:00,1660,1750,1645,1735,219166100
25/10/2021 15:00:00,1790,1800,1725,1745,140497900
26/10/2021 15:00:00,1775,1785,1740,1765,138384200
27/10/2021 15:00:00,1765,1765,1730,1730,95389000
28/10/2021 15:00:00,1710,1710,1625,1630,289795800
29/10/2021 15:00:00,1610,1695,1605,1680,100719500
01/11/2021 15:00:00,1655,1710,1635,1685,82111500
02/11/2021 15:00:00,1660,1680,1645,1645,44420500
03/11/2021 15:00:00,1645,1680,1645,1675,49009600
04/11/2021 16:00:00,1700,1730,1675,1675,90998600
05/11/2021 15:00:00,1650,1665,1635,1645,57505000
08/11/2021 15:00:00,1650,1710,1650,1695,58662000
09/11/2021 15:00:00,1720,1745,1700,1705,62964100
10/11/2021 15:00:00,1680,1710,1670,1690,36025600
11/11/2021 15:00:00,1675,1695,1660,1685,49884600
12/11/2021 15:00:00,1690,1700,1665,1685,35072500
15/11/2021 15:00:00,1680,1685,1595,1610,117468000
16/11/2021 15:00:00,1580,1630,1580,1615,46592500
17/11/2021 15:00:00,1620,1655,1600,1640,95085400
18/11/2021 15:00:00,1620,1645,1610,1625,48501400
19/11/2021 15:00:00,1635,1665,1625,1645,42127500
22/11/2021 15:00:00,1645,1660,1610,1640,36598500
23/11/2021 15:00:00,1665,1715,1640,1705,116464400
24/11/2021 15:00:00,1720,1730,1695,1695,100386500
25/11/2021 15:00:00,1710,1750,1690,1745,59282300
26/11/2021 15:00:00,1725,1730,1640,1655,83519800
29/11/2021 15:00:00,1640,1700,1610,1690,76424500
30/11/2021 15:00:00,1670,1730,1665,1700,161819600
01/12/2021 16:00:00,1730,1775,1700,1755,146798700
02/12/2021 16:00:00,1760,1820,1760,1810,147912000
03/12/2021 16:00:00,1805,1835,1790,1815,93276700
06/12/2021 16:00:00,1815,1920,1810,1910,251957100
07/12/2021 16:00:00,1910,1920,1870,1905,265246000
08/12/2021 16:00:00,1920,1935,1900,1925,356201700
09/12/2021 16:00:00,1930,1960,1925,1935,282019600
10/12/2021 16:00:00,1930,1940,1880,1920,254321600
13/12/2021 16:00:00,1930,1940,1905,1920,165209600
14/12/2021 16:00:00,1910,1930,1870,1920,205410600
15/12/2021 16:00:00,1920,2050,1910,2020,539995200
16/12/2021 16:00:00,2040,2080,1995,2040,205002000
17/12/2021 16:00:00,2050,2060,2030,2050,156302400
20/12/2021 16:00:00,2030,2050,2000,2050,100364400
21/12/2021 16:00:00,2050,2160,2040,2120,176897200
22/12/2021 16:00:00,2190,2190,2090,2150,191706000
23/12/2021 16:00:00,2170,2180,2120,2150,105060800
24/12/2021 16:00:00,2150,2240,2130,2220,251933600
27/12/2021 16:00:00,2230,2260,2180,2180,124062200
28/12/2021 16:00:00,2180,2310,2180,2300,295605000
29/12/2021 16:00:00,2300,2330,2260,2310,171340700
30/12/2021 16:00:00,2180,2270,2160,2250,235360400
03/01/2022 16:00:00,2170,2380,2170,2370,175091000
04/01/2022 16:00:00,2370,2380,2240,2300,241943400
05/01/2022 16:00:00,2330,2350,2230,2240,125371600
06/01/2022 16:00:00,2230,2310,2210,2300,245581000
07/01/2022 16:00:00,2320,2450,2290,2430,272389200
10/01/2022 16:00:00,2430,2430,2350,2400,123417100
11/01/2022 16:00:00,2440,2470,2330,2340,124218800
12/01/2022 16:00:00,2340,2370,2300,2310,122477500
13/01/2022 16:00:00,2330,2380,2280,2280,137848400
14/01/2022 16:00:00,2300,2330,2250,2270,173258000
17/01/2022 16:00:00,2300,2320,2210,2260,119048500
18/01/2022 16:00:00,2290,2310,2180,2220,180286700
19/01/2022 16:00:00,2220,2260,2200,2230,152019800
20/01/2022 16:00:00,2230,2360,2230,2310,213577600
21/01/2022 16:00:00,2310,2310,2260,2310,98844900
24/01/2022 16:00:00,2300,2350,2250,2270,94316300
25/01/2022 16:00:00,2260,2270,2160,2210,158258600
26/01/2022 16:00:00,2220,2240,2180,2210,97679400
27/01/2022 16:00:00,2200,2310,2190,2310,142280600
28/01/2022 16:00:00,2320,2320,2240,2280,104574100
31/01/2022 16:00:00,2300,2310,2210,2240,76748000
02/02/2022 16:00:00,2260,2290,2180,2210,100091000
03/02/2022 16:00:00,2210,2240,2170,2220,111391600
04/02/2022 16:00:00,2220,2240,2170,2180,96179700
07/02/2022 16:00:00,2200,2250,2180,2200,113939600
08/02/2022 16:00:00,2200,2220,2180,2200,111772600
09/02/2022 16:00:00,2220,2270,2180,2210,199270200
10/02/2022 16:00:00,2200,2230,2150,2160,114009500
11/02/2022 16:00:00,2160,2200,2110,2170,102593600
14/02/2022 16:00:00,2170,2270,2170,2230,127682400
15/02/2022 16:00:00,2250,2300,2210,2290,137023900
16/02/2022 16:00:00,2300,2300,2240,2240,70237000
17/02/2022 16:00:00,2230,2250,2180,2220,140157700
18/02/2022 16:00:00,2200,2280,2190,2240,84280000
21/02/2022 16:00:00,2260,2260,2200,2220,86719000
22/02/2022 16:00:00,2230,2260,2180,2230,91334200
23/02/2022 16:00:00,2270,2350,2240,2320,140574200
24/02/2022 16:00:00,2350,2480,2320,2480,286836000
25/02/2022 16:00:00,2520,2590,2450,2450,218034600
01/03/2022 16:00:00,2560,2720,2500,2580,357287400
02/03/2022 16:00:00,2690,2740,2550,2610,208447200
04/03/2022 16:00:00,2720,3050,2680,3040,408953900
07/03/2022 16:00:00,3150,3270,3080,3240,402645000
08/03/2022 16:00:00,3210,3210,3040,3120,257703500
09/03/2022 16:00:00,3120,3150,2960,3080,187471500
10/03/2022 16:00:00,2980,3070,2870,2980,236733800
11/03/2022 16:00:00,2880,3090,2880,3000,121344700
14/03/2022 16:00:00,2990,3020,2790,2790,168857700
15/03/2022 16:00:00,2660,2790,2650,2710,223378600
16/03/2022 16:00:00,2700,2830,2690,2820,126976100
17/03/2022 16:00:00,2800,2820,2730,2740,86651700
18/03/2022 16:00:00,2750,2860,2720,2720,368469400
21/03/2022 16:00:00,2740,2770,2700,2720,123851100
22/03/2022 16:00:00,2740,2860,2740,2800,124250600
23/03/2022 16:00:00,2830,2880,2750,2800,122391700
24/03/2022 16:00:00,2840,2900,2810,2880,109233400
25/03/2022 16:00:00,2880,2880,2810,2820,89246500
28/03/2022 16:00:00,2820,2880,2820,2860,81634700
29/03/2022 16:00:00,2880,2880,2760,2770,105824700
30/03/2022 16:00:00,2770,2800,2660,2680,98915700
31/03/2022 16:00:00,2690,2760,2680,2690,77639300
01/04/2022 16:00:00,2690,2830,2690,2810,104011500
04/04/2022 16:00:00,2810,2870,2780,2810,59731800
05/04/2022 16:00:00,2850,3020,2830,3000,193461300
06/04/2022 16:00:00,3010,3080,3000,3070,172811700
07/04/2022 16:00:00,3060,3070,2980,3050,93814700
08/04/2022 16:00:00,3040,3190,3030,3160,177072400
11/04/2022 16:00:00,3160,3210,3100,3140,131718000
12/04/2022 16:00:00,3140,3150,3060,3140,132026200
13/04/2022 16:00:00,3190,3350,3190,3350,226429500
14/04/2022 16:00:00,3350,3350,3280,3310,112905400
18/04/2022 16:00:00,3310,3350,3240,3290,95118100
19/04/2022 16:00:00,3290,3330,3250,3270,95535700
20/04/2022 16:00:00,3310,3370,3160,3230,134836900
21/04/2022 16:00:00,3270,3460,3260,3270,187585800
22/04/2022 16:00:00,3250,3270,3160,3210,107246100
25/04/2022 16:00:00,3180,3220,3100,3210,107045500
26/04/2022 16:00:00,3220,3250,3080,3160,152153700
27/04/2022 16:00:00,3130,3230,3110,3170,94218600
28/04/2022 16:00:00,3210,3370,3200,3340,182939300
09/05/2022 16:00:00,3380,3410,3130,3160,247786700
10/05/2022 16:00:00,3070,3140,2980,3090,198152000
11/05/2022 16:00:00,3090,3230,3090,3150,134040900
12/05/2022 16:00:00,3150,3220,3080,3150,233115300
13/05/2022 16:00:00,3210,3250,3120,3210,168962700
17/05/2022 16:00:00,3150,3270,3130,3220,148618000
18/05/2022 16:00:00,3250,3270,3100,3190,128275200
19/05/2022 16:00:00,3140,3180,3050,3110,166293000
20/05/2022 16:00:00,3130,3380,3130,3310,205840300
23/05/2022 16:00:00,3350,3350,3110,3150,177893100
24/05/2022 16:00:00,3170,3230,3130,3200,112162400
25/05/2022 16:00:00,3160,3160,3070,3100,96617800
27/05/2022 16:00:00,3160,3190,3130,3160,84743400
30/05/2022 16:00:00,3170,3180,3030,3060,146193800
31/05/2022 16:00:00,3130,3290,3100,3270,286452200
02/06/2022 16:00:00,3260,3350,3200,3330,185774500
03/06/2022 16:00:00,3330,3570,3280,3520,258029000
06/06/2022 16:00:00,3520,3590,3440,3460,128510900
07/06/2022 16:00:00,3550,3710,3530,3650,225695700
08/06/2022 16:00:00,3650,3680,3590,3630,118444400
09/06/2022 16:00:00,3630,3690,3600,3600,106573000
10/06/2022 16:00:00,3560,3590,3430,3430,151998900
13/06/2022 16:00:00,3320,3320,3190,3190,202113000
14/06/2022 16:00:00,3170,3270,3110,3260,219659000
15/06/2022 16:00:00,3260,3270,3040,3040,247557600
16/06/2022 16:00:00,3080,3170,3040,3060,243268700
17/06/2022 16:00:00,3020,3030,2870,2920,229958000
20/06/2022 16:00:00,2920,2950,2860,2930,115058200
21/06/2022 16:00:00,3000,3070,2970,3030,189107600
22/06/2022 16:00:00,3030,3090,2980,3030,201749700
23/06/2022 16:00:00,3030,3030,2890,2940,145531100
24/06/2022 16:00:00,2970,3020,2950,2970,103050300
27/06/2022 16:00:00,2970,3000,2880,2960,89273500
28/06/2022 16:00:00,2990,3000,2930,2950,74114300
29/06/2022 16:00:00,2910,2970,2870,2870,69188200
30/06/2022 16:00:00,2810,2920,2810,2860,109157800
01/07/2022 16:00:00,2860,2910,2710,2720,105599200
04/07/2022 16:00:00,2720,2830,2660,2770,117849700
05/07/2022 16:00:00,2830,2940,2820,2880,135385800
06/07/2022 16:00:00,2850,2850,2720,2770,82120100
07/07/2022 16:00:00,2770,2810,2720,2770,70438600
08/07/2022 16:00:00,2850,2880,2820,2830,90522000
11/07/2022 16:00:00,2840,2870,2800,2830,52681800
12/07/2022 16:00:00,2860,2970,2840,2920,142532100
13/07/2022 16:00:00,2950,2990,2900,2930,99629700
14/07/2022 16:00:00,2910,2960,2880,2930,97805600
15/07/2022 16:00:00,2890,2900,2760,2760,98942900
18/07/2022 16:00:00,2760,2800,2730,2790,68984100
19/07/2022 16:00:00,2800,2960,2760,2950,127898100
20/07/2022 16:00:00,2980,3030,2980,3020,99298600
21/07/2022 16:00:00,3040,3050,2970,3020,73196600
22/07/2022 16:00:00,3040,3080,2990,3030,94295700
25/07/2022 16:00:00,3050,3120,3040,3100,134979600
26/07/2022 16:00:00,3140,3170,3120,3160,83178500
27/07/2022 16:00:00,3200,3300,3180,3280,130334900
28/07/2022 16:00:00,3290,3330,3250,3280,94451400
29/07/2022 16:00:00,3300,3350,3230,3250,85087800
01/08/2022 16:00:00,3260,3370,3240,3350,146347800
02/08/2022 16:00:00,3350,3360,3180,3180,112428800
03/08/2022 16:00:00,3190,3330,3180,3310,114505400
04/08/2022 16:00:00,3310,3310,3160,3190,109420800
05/08/2022 16:00:00,3140,3170,3100,3130,124725800
08/08/2022 16:00:00,3090,3130,3030,3080,94030900
09/08/2022 16:00:00,3110,3170,3100,3130,86949000
10/08/2022 16:00:00,3150,3190,3120,3140,81369800
11/08/2022 16:00:00,3230,3250,3150,3150,127285200
12/08/2022 16:00:00,3160,3210,3130,3190,73526600
15/08/2022 16:00:00,3220,3240,3150,3160,53868300
16/08/2022 16:00:00,3160,3190,3120,3150,48691000
18/08/2022 16:00:00,3180,3280,3170,3250,84704200
19/08/2022 16:00:00,3270,3310,3240,3250,73447800
22/08/2022 16:00:00,3290,3300,3140,3150,90711300
23/08/2022 16:00:00,3170,3380,3160,3350,175076900
24/08/2022 16:00:00,3330,3420,3270,3410,116927600
25/08/2022 16:00:00,3410,3470,3370,3410,88737600
26/08/2022 16:00:00,3430,3450,3390,3410,55022600
29/08/2022 16:00:00,3380,3470,3330,3460,79496800
30/08/2022 16:00:00,3660,3700,3530,3540,160702700
31/08/2022 16:00:00,3510,3570,3480,3540,101731600
01/09/2022 15:00:00,3560,3740,3540,3700,162099600
02/09/2022 15:00:00,3750,3830,3720,3780,133943800
05/09/2022 16:00:00,3780,4050,3760,4030,194748100
06/09/2022 16:00:00,4080,4160,4020,4040,107870400
07/09/2022 16:00:00,4020,4050,3950,4020,92963400
08/09/2022 16:00:00,3970,4000,3900,3940,88447400
09/09/2022 16:00:00,3920,3970,3860,3950,73341100
12/09/2022 16:00:00,3960,3990,3900,3970,74852000
13/09/2022 16:00:00,3970,4020,3950,4010,71375900
14/09/2022 16:00:00,4000,4040,3940,4010,79037100
15/09/2022 16:00:00,4040,4190,4040,4060,120755300
16/09/2022 16:00:00,4050,4050,3930,3930,121776100
19/09/2022 16:00:00,3950,3960,3860,3910,134433200
20/09/2022 16:00:00,3930,3970,3860,3890,63910800
21/09/2022 16:00:00,3880,3930,3800,3910,67111800
22/09/2022 16:00:00,3910,4120,3890,4100,150225400
23/09/2022 16:00:00,4050,4080,4010,4050,77100300
26/09/2022 16:00:00,3940,3940,3830,3860,163896500
27/09/2022 16:00:00,3900,3940,3870,3910,89367200
28/09/2022 16:00:00,3900,3960,3860,3870,72114400
29/09/2022 16:00:00,3900,3970,3900,3950,91134100
30/09/2022 16:00:00,3920,3960,3870,3960,104670300
03/10/2022 16:00:00,3930,4000,3920,3960,54514500
04/10/2022 16:00:00,3990,4120,3990,4120,145080300
05/10/2022 16:00:00,4140,4170,4080,4080,57945800
06/10/2022 16:00:00,4080,4250,4040,4100,159208200
07/10/2022 16:00:00,4100,4170,4080,4140,49875500
10/10/2022 16:00:00,4050,4050,3920,3920,107867500
11/10/2022 16:00:00,3930,3950,3890,3930,59752100
12/10/2022 16:00:00,3960,4050,3960,4000,101116400
13/10/2022 16:00:00,4090,4090,4010,4020,53264100
14/10/2022 16:00:00,4000,4050,3950,3950,45091900
17/10/2022 16:00:00,3950,3960,3900,3960,42063700
18/10/2022 16:00:00,3980,4000,3840,3860,95622800
19/10/2022 16:00:00,3850,3880,3800,3840,69215500
20/10/2022 16:00:00,3840,4000,3830,4000,119895500
21/10/2022 16:00:00,3980,4020,3950,3960,37327700
24/10/2022 16:00:00,3970,3990,3910,3920,47873100
25/10/2022 16:00:00,3890,3920,3840,3880,74608100
26/10/2022 16:00:00,3880,3950,3850,3930,73155800
27/10/2022 16:00:00,3950,4020,3920,3980,81920000
28/10/2022 16:00:00,4000,4000,3900,3910,54061300
31/10/2022 16:00:00,3940,3980,3920,3980,76758600
01/11/2022 15:00:00,3940,3940,3720,3750,175308100
02/11/2022 15:00:00,3750,3820,3690,3740,101047500
03/11/2022 16:00:00,3740,3810,3730,3750,57965500
04/11/2022 16:00:00,3730,3790,3710,3750,84299700
07/11/2022 16:00:00,3750,3830,3730,3830,74309100
08/11/2022 16:00:00,3800,3800,3730,3760,71681200
09/11/2022 16:00:00,3690,3720,3630,3640,117969800
10/11/2022 16:00:00,3500,3560,3450,3480,153812400
11/11/2022 16:00:00,3500,3540,3440,3490,96575300
14/11/2022 16:00:00,3490,3560,3490,3500,60258000
15/11/2022 16:00:00,3550,3570,3480,3510,55915600
16/11/2022 16:00:00,3610,3640,3520,3570,86525300
17/11/2022 16:00:00,3530,3610,3500,3590,73229600
18/11/2022 16:00:00,3590,3620,3560,3590,40162000
21/11/2022 16:00:00,3610,3710,3610,3690,65550500
22/11/2022 16:00:00,3720,3750,3650,3700,59965000
23/11/2022 16:00:00,3720,3790,3720,3750,45573200
24/11/2022 16:00:00,3760,3780,3740,3750,24418800
25/11/2022 16:00:00,3750,3750,3690,3730,33140500
28/11/2022 16:00:00,3740,3780,3720,3740,40277700
29/11/2022 16:00:00,3790,3880,3780,3880,94151500
30/11/2022 16:00:00,3900,3930,3850,3870,152171400
01/12/2022 16:00:00,3930,3930,3890,3900,56516100
02/12/2022 16:00:00,3890,3890,3820,3850,36882200
05/12/2022 16:00:00,3880,3890,3760,3780,51037700
06/12/2022 16:00:00,3800,3830,3750,3810,56845900
07/12/2022 16:00:00,3820,3870,3780,3830,59277300
08/12/2022 16:00:00,3830,3840,3710,3740,63665900
09/12/2022 16:00:00,3730,3740,3630,3680,67689500
12/12/2022 16:00:00,3680,3820,3670,3800,76652000
13/12/2022 16:00:00,3790,3790,3740,3740,51354800
14/12/2022 16:00:00,3770,3940,3760,3880,131274900
15/12/2022 16:00:00,3890,3970,3850,3900,69993700
16/12/2022 16:00:00,3870,3920,3850,3890,63989300
19/12/2022 16:00:00,3870,3970,3870,3970,58801000
20/12/2022 16:00:00,3970,3990,3910,3920,47259900
21/12/2022 16:00:00,3890,3930,3880,3920,36433600
22/12/2022 16:00:00,3910,3940,3900,3930,32321000
23/12/2022 16:00:00,3860,3860,3800,3810,118489300
26/12/2022 16:00:00,3820,3850,3780,3800,45950200
27/12/2022 16:00:00,3800,3810,3730,3750,60813800
28/12/2022 16:00:00,3760,3770,3700,3750,52254700
29/12/2022 16:00:00,3740,3820,3710,3800,64775200
30/12/2022 16:00:00,3810,3870,3770,3850,98381200
02/01/2023 16:00:00,3610,3650,3590,3590,69696600
03/01/2023 16:00:00,3590,3590,3500,3520,95601300
04/01/2023 16:00:00,3540,3560,3300,3300,163804600
05/01/2023 16:00:00,3250,3270,3080,3100,225480200
06/01/2023 16:00:00,3090,3190,3090,3140,133608100
09/01/2023 16:00:00,3150,3170,2980,3030,165697500
10/01/2023 16:00:00,3040,3140,2980,3140,149820700
11/01/2023 16:00:00,3140,3210,3080,3180,101097700
12/01/2023 16:00:00,3120,3130,3050,3090,78240400
13/01/2023 16:00:00,3120,3150,3110,3140,49588400
16/01/2023 16:00:00,3120,3130,3090,3100,25866600
17/01/2023 16:00:00,3060,3150,3050,3140,51667000
18/01/2023 16:00:00,3160,3230,3150,3170,61754000
19/01/2023 16:00:00,3140,3230,3140,3230,47144100
20/01/2023 16:00:00,3250,3260,3210,3240,50695900
24/01/2023 16:00:00,3240,3250,3170,3200,34335900
25/01/2023 16:00:00,3190,3190,3120,3130,42325000
26/01/2023 16:00:00,3050,3070,2990,3010,83858800
27/01/2023 16:00:00,2980,3080,2980,3060,63547600
30/01/2023 16:00:00,3060,3100,2980,3010,47836700
31/01/2023 16:00:00,2970,3020,2940,2960,79164200
01/02/2023 16:00:00,2940,3000,2930,2950,59728700
02/02/2023 16:00:00,2940,2970,2870,2870,88969700
03/02/2023 16:00:00,2870,2870,2740,2760,101999600
06/02/2023 16:00:00,2760,2840,2720,2780,80778600
07/02/2023 16:00:00,2860,2950,2860,2890,113365400
08/02/2023 16:00:00,2900,2940,2870,2920,50651900
09/02/2023 16:00:00,2860,2890,2820,2840,58268500
10/02/2023 16:00:00,2750,2780,2710,2740,73205300
13/02/2023 16:00:00,2790,2830,2780,2780,58110000
14/02/2023 16:00:00,2790,2850,2770,2830,47207700
15/02/2023 16:00:00,2870,3040,2870,2950,150389400
16/02/2023 16:00:00,2970,2990,2890,2920,49484000
17/02/2023 16:00:00,2920,2930,2860,2880,45060800
20/02/2023 16:00:00,2870,2910,2820,2900,67438100
21/02/2023 16:00:00,2860,2900,2820,2820,57575900
22/02/2023 16:00:00,2880,2910,2840,2850,51853800
23/02/2023 16:00:00,2880,2950,2870,2900,80466800
24/02/2023 16:00:00,2930,2960,2880,2890,72020500
27/02/2023 16:00:00,2910,2950,2890,2950,42554800
28/02/2023 16:00:00,2940,3040,2910,2990,141401100
01/03/2023 16:00:00,3000,3010,2940,2990,74127000
02/03/2023 16:00:00,3000,3030,2970,2990,50943400
03/03/2023 16:00:00,3090,3130,3020,3020,113137800
06/03/2023 16:00:00,3020,3020,2900,2910,68471200
07/03/2023 16:00:00,2880,2910,2850,2860,81747200
08/03/2023 16:00:00,2840,2920,2810,2920,73894700
09/03/2023 16:00:00,2950,2950,2900,2900,42641500
10/03/2023 16:00:00,2900,2900,2850,2860,29013700
13/03/2023 16:00:00,2870,2930,2860,2900,44258200
14/03/2023 16:00:00,2910,2910,2770,2770,60495700
15/03/2023 16:00:00,2790,2820,2730,2750,50051200
16/03/2023 16:00:00,2720,2720,2600,2640,100194800
17/03/2023 16:00:00,2650,2780,2650,2780,165045800
20/03/2023 16:00:00,2760,2780,2710,2720,27177000
21/03/2023 16:00:00,2720,2730,2690,2730,28977600
24/03/2023 16:00:00,2710,2740,2680,2680,51810300
27/03/2023 16:00:00,2710,2740,2670,2680,54183300
28/03/2023 16:00:00,2700,2800,2700,2770,95908100
29/03/2023 16:00:00,2810,2910,2800,2880,106383200
30/03/2023 16:00:00,2900,2920,2850,2870,71977200
31/03/2023 16:00:00,2880,2930,2850,2900,61694500
03/04/2023 16:00:00,2940,3020,2940,2940,98297900
04/04/2023 16:00:00,3010,3080,3010,3050,93744600
05/04/2023 16:00:00,3040,3070,3000,3060,54323500
06/04/2023 16:00:00,3060,3120,3020,3020,71186200
10/04/2023 16:00:00,3020,3060,2970,2990,29429000
11/04/2023 16:00:00,2960,3060,2960,3050,46716100
12/04/2023 16:00:00,3050,3050,2930,2960,84393600
13/04/2023 16:00:00,2960,3010,2950,2960,38736700
14/04/2023 16:00:00,2960,2990,2920,2920,45832600
17/04/2023 16:00:00,2920,2950,2860,2860,47706200
18/04/2023 16:00:00,2870,3020,2870,3000,85627400
26/04/2023 16:00:00,3040,3130,3020,3100,104615000
27/04/2023 16:00:00,3100,3110,3050,3080,41028100
28/04/2023 16:00:00,3100,3160,3060,3130,72560800
02/05/2023 16:00:00,3100,3100,2960,2980,81649400
03/05/2023 16:00:00,2980,3050,2930,2940,71441900
04/05/2023 16:00:00,2930,3000,2900,2920,73997700
05/05/2023 16:00:00,2860,2880,2750,2790,158924500
08/05/2023 16:00:00,2810,2930,2810,2870,65765900
09/05/2023 16:00:00,2910,2910,2860,2890,45066800
10/05/2023 16:00:00,2900,2970,2900,2940,84244500
11/05/2023 16:00:00,2920,2950,2760,2800,209469700
12/05/2023 16:00:00,2800,2800,2750,2760,60919400
15/05/2023 16:00:00,2780,2790,2630,2660,116378900
16/05/2023 16:00:00,2700,2740,2660,2670,66336200
17/05/2023 16:00:00,2710,2710,2540,2540,142037300
19/05/2023 16:00:00,2520,2540,2380,2410,168354900
22/05/2023 16:00:00,2450,2490,2410,2460,192718400
23/05/2023 16:00:00,2290,2290,2290,2290,25791700
24/05/2023 16:00:00,2220,2310,2220,2250,105384800
25/05/2023 16:00:00,2200,2200,2120,2120,124673400
26/05/2023 16:00:00,2090,2170,2080,2090,81565700
29/05/2023 16:00:00,2120,2130,2010,2070,80215800
30/05/2023 16:00:00,2070,2150,2060,2110,63219000
31/05/2023 16:00:00,2070,2090,2010,2040,169456800
05/06/2023 16:00:00,2090,2170,2080,2100,119850300
06/06/2023 16:00:00,2200,2230,2160,2220,106615300
07/06/2023 16:00:00,2200,2200,2140,2170,69604900
08/06/2023 16:00:00,2190,2210,2160,2200,46850800
09/06/2023 16:00:00,2210,2230,2170,2190,36414600
12/06/2023 16:00:00,2220,2240,2200,2210,32981000
13/06/2023 16:00:00,2190,2220,2150,2210,47913300
14/06/2023 16:00:00,2210,2260,2200,2250,43317300
15/06/2023 16:00:00,2250,2330,2220,2300,75697800
16/06/2023 16:00:00,2350,2350,2300,2320,90162500
19/06/2023 16:00:00,2300,2300,2250,2260,26428500
20/06/2023 16:00:00,2260,2290,2250,2270,24643400
21/06/2023 16:00:00,2270,2290,2250,2260,29760300
22/06/2023 16:00:00,2250,2310,2250,2260,38508700
23/06/2023 16:00:00,2280,2280,2230,2230,20704900
26/06/2023 16:00:00,2230,2240,2190,2210,25265900
27/06/2023 16:00:00,2210,2260,2210,2230,24633800
03/07/2023 16:00:00,2270,2340,2260,2330,58100700
04/07/2023 16:00:00,2320,2350,2310,2340,20358800
05/07/2023 16:00:00,2350,2440,2350,2420,71359500
06/07/2023 16:00:00,2420,2460,2410,2450,41830700
07/07/2023 16:00:00,2410,2420,2370,2380,32118800
10/07/2023 16:00:00,2380,2420,2370,2420,20339700
11/07/2023 16:00:00,2400,2440,2390,2430,31866300
12/07/2023 16:00:00,2430,2430,2370,2370,28404900
13/07/2023 16:00:00,2350,2350,2280,2320,42297500
14/07/2023 16:00:00,2320,2360,2320,2360,31423200
17/07/2023 16:00:00,2380,2410,2380,2380,26063600
18/07/2023 16:00:00,2390,2390,2320,2330,23104600
20/07/2023 16:00:00,2350,2380,2350,2370,33287800
21/07/2023 16:00:00,2380,2430,2380,2420,70949300
24/07/2023 16:00:00,2420,2480,2400,2470,97266900
25/07/2023 16:00:00,2480,2520,2430,2430,82665100
26/07/2023 16:00:00,2460,2510,2450,2500,96761300
27/07/2023 16:00:00,2500,2500,2440,2450,37905300
28/07/2023 16:00:00,2440,2480,2410,2470,40850500
31/07/2023 16:00:00,2470,2470,2380,2410,64743500
01/08/2023 16:00:00,2410,2410,2370,2390,23569300
02/08/2023 16:00:00,2380,2380,2340,2370,21765400
03/08/2023 16:00:00,2370,2390,2350,2360,18908200
04/08/2023 16:00:00,2390,2440,2390,2400,26476900
07/08/2023 16:00:00,2400,2400,2360,2380,20598900
08/08/2023 16:00:00,2400,2420,2370,2370,22669900
09/08/2023 16:00:00,2390,2400,2370,2400,22561900
10/08/2023 16:00:00,2430,2440,2400,2410,42703500
11/08/2023 16:00:00,2410,2420,2350,2350,35509700
14/08/2023 16:00:00,2360,2410,2330,2390,36895300
15/08/2023 16:00:00,2410,2530,2400,2510,99083700
16/08/2023 16:00:00,2510,2540,2490,2520,41050900
18/08/2023 16:00:00,2520,2560,2480,2540,47312500
21/08/2023 16:00:00,2560,2620,2550,2620,77668100
22/08/2023 16:00:00,2620,2720,2620,2700,102556100
23/08/2023 16:00:00,2730,2780,2700,2700,86184900
24/08/2023 16:00:00,2680,2730,2640,2670,57289800
25/08/2023 16:00:00,2670,2670,2590,2590,46004100
28/08/2023 16:00:00,2610,2710,2610,2680,49355200
29/08/2023 16:00:00,2710,2730,2670,2680,35735000
30/08/2023 16:00:00,2710,2730,2660,2690,37456100
31/08/2023 16:00:00,2680,2690,2650,2670,37316600
01/09/2023 16:00:00,2680,2720,2670,2680,22633200
04/09/2023 16:00:00,2690,2760,2690,2740,48905500
05/09/2023 16:00:00,2750,2780,2730,2740,37110800
06/09/2023 16:00:00,2790,2890,2790,2870,107690900
07/09/2023 16:00:00,2870,2930,2800,2880,105815800
08/09/2023 16:00:00,2880,2940,2860,2890,58380400
11/09/2023 16:00:00,2900,2920,2790,2800,64749200
12/09/2023 16:00:00,2820,2850,2790,2810,52990600
13/09/2023 16:00:00,2830,2870,2820,2860,38990000
14/09/2023 16:00:00,2900,2940,2890,2910,58317100
15/09/2023 16:00:00,2910,2910,2840,2840,55255400
18/09/2023 16:00:00,2850,2870,2810,2840,46627900
19/09/2023 16:00:00,2860,2920,2820,2900,62425500
20/09/2023 16:00:00,2930,2990,2910,2960,93046000
21/09/2023 16:00:00,2960,2970,2920,2950,37546100
22/09/2023 16:00:00,2930,2960,2920,2950,27130700
25/09/2023 16:00:00,2950,2980,2940,2950,32402200
26/09/2023 16:00:00,2960,2970,2750,2770,107378100
27/09/2023 16:00:00,2770,2900,2770,2870,61453100
29/09/2023 16:00:00,2900,2900,2840,2850,24233700
02/10/2023 16:00:00,2830,2830,2780,2810,31881300
03/10/2023 16:00:00,2780,2780,2690,2690,89948000
04/10/2023 16:00:00,2670,2670,2620,2660,57427700
05/10/2023 16:00:00,2640,2670,2600,2610,37851600
06/10/2023 16:00:00,2600,2670,2600,2650,20289800
09/10/2023 16:00:00,2690,2800,2690,2770,58700700
10/10/2023 16:00:00,2820,2840,2770,2780,45513300
11/10/2023 16:00:00,2800,2820,2760,2760,26295100
12/10/2023 16:00:00,2760,2760,2690,2690,41046500
13/10/2023 16:00:00,2730,2740,2690,2710,18962900
16/10/2023 16:00:00,2750,2790,2730,2780,36979400
17/10/2023 16:00:00,2770,2780,2750,2770,22750800
18/10/2023 16:00:00,2750,2880,2730,2840,74460900
19/10/2023 16:00:00,2840,2860,2800,2820,57235900
20/10/2023 16:00:00,2830,2830,2760,2800,47189400
23/10/2023 16:00:00,2780,2790,2650,2660,69223700
24/10/2023 16:00:00,2640,2690,2630,2660,39300700
25/10/2023 16:00:00,2660,2700,2640,2670,35182500
26/10/2023 16:00:00,2660,2670,2610,2650,26026500
27/10/2023 16:00:00,2660,2680,2620,2640,28710000
30/10/2023 16:00:00,2640,2640,2520,2540,43324200
31/10/2023 16:00:00,2520,2600,2430,2560,61726200
01/11/2023 16:00:00,2500,2500,2400,2410,78759900
02/11/2023 16:00:00,2420,2470,2380,2390,52050600
03/11/2023 16:00:00,2420,2510,2420,2490,52737100
06/11/2023 16:00:00,2500,2540,2500,2530,38074400
07/11/2023 16:00:00,2500,2510,2410,2470,54811700
08/11/2023 16:00:00,2460,2470,2410,2440,31984200
09/11/2023 16:00:00,2480,2500,2440,2450,37033100
10/11/2023 16:00:00,2450,2510,2450,2480,29145200
13/11/2023 16:00:00,2490,2510,2450,2480,20144700
14/11/2023 16:00:00,2480,2520,2450,2480,37330100
15/11/2023 16:00:00,2520,2560,2490,2510,33971500
16/11/2023 16:00:00,2510,2530,2470,2530,18751900
17/11/2023 16:00:00,2500,2550,2500,2540,17834500
20/11/2023 16:00:00,2550,2560,2530,2550,16184700
21/11/2023 16:00:00,2540,2610,2540,2610,31763500
22/11/2023 16:00:00,2610,2620,2570,2590,22390500
23/11/2023 16:00:00,2600,2610,2530,2550,24567400
24/11/2023 16:00:00,2550,2580,2510,2540,29571200
27/11/2023 16:00:00,2540,2600,2540,2550,19835100
28/11/2023 16:00:00,2560,2620,2560,2580,19680900
29/11/2023 16:00:00,2590,2610,2560,2580,15113600
30/11/2023 16:00:00,2590,2620,2570,2620,45144600
01/12/2023 16:00:00,2640,2650,2550,2560,35005000
04/12/2023 16:00:00,2580,2610,2550,2560,24493200
05/12/2023 16:00:00,2570,2580,2490,2510,42476700
06/12/2023 16:00:00,2510,2540,2500,2530,18067600
07/12/2023 16:00:00,2560,2600,2500,2530,40972500
08/12/2023 16:00:00,2570,2600,2550,2560,41613300
11/12/2023 16:00:00,2580,2600,2530,2560,30840100
12/12/2023 16:00:00,2560,2570,2520,2550,21613800
13/12/2023 16:00:00,2510,2510,2430,2450,51005200
14/12/2023 16:00:00,2460,2510,2440,2490,23293600
15/12/2023 16:00:00,2490,2570,2490,2520,52881100
18/12/2023 16:00:00,2530,2550,2470,2510,25316200
19/12/2023 16:00:00,2580,2620,2570,2600,67987900
20/12/2023 16:00:00,2600,2640,2580,2580,51466300
21/12/2023 16:00:00,2580,2610,2570,2600,34194600
22/12/2023 16:00:00,2600,2610,2580,2590,29264900
27/12/2023 16:00:00,2600,2630,2580,2590,57605200
28/12/2023 16:00:00,2600,2610,2560,2580,84319700
29/12/2023 16:00:00,2410,2430,2370,2380,124776700
02/01/2024 16:00:00,2380,2490,2380,2490,75818300
03/01/2024 16:00:00,2460,2460,2410,2410,71643200
04/01/2024 16:00:00,2420,2470,2420,2460,61464500
05/01/2024 16:00:00,2490,2490,2440,2440,47595800
08/01/2024 16:00:00,2450,2490,2430,2440,61501200
09/01/2024 16:00:00,2450,2460,2410,2430,37607800
10/01/2024 16:00:00,2460,2460,2440,2460,22865400
11/01/2024 16:00:00,2460,2460,2440,2450,18591600
12/01/2024 16:00:00,2450,2480,2440,2480,36980800
15/01/2024 16:00:00,2480,2530,2480,2510,41068200
16/01/2024 16:00:00,2510,2520,2480,2500,24464000
17/01/2024 16:00:00,2500,2520,2470,2490,23991600
18/01/2024 16:00:00,2490,2490,2450,2460,26521000
19/01/2024 16:00:00,2460,2480,2430,2430,33060200
22/01/2024 16:00:00,2430,2440,2390,2400,42375200
23/01/2024 16:00:00,2400,2410,2320,2350,80570400
24/01/2024 16:00:00,2350,2380,2320,2340,36025300
25/01/2024 16:00:00,2340,2380,2340,2360,33787500
26/01/2024 16:00:00,2360,2390,2330,2380,35850900
29/01/2024 16:00:00,2380,2410,2370,2400,25857300
30/01/2024 16:00:00,2390,2400,2360,2390,29384100
31/01/2024 16:00:00,2410,2450,2390,2400,28213000
01/02/2024 16:00:00,2420,2450,2390,2420,32940300
02/02/2024 16:00:00,2420,2440,2390,2420,41242500
05/02/2024 16:00:00,2420,2470,2420,2430,31425600
06/02/2024 16:00:00,2450,2470,2440,2460,32861600
07/02/2024 16:00:00,2460,2470,2440,2460,24460000
12/02/2024 16:00:00,2460,2490,2450,2470,23773700
13/02/2024 16:00:00,2470,2490,2460,2480,18443100
15/02/2024 16:00:00,2550,2570,2480,2510,55071200
16/02/2024 16:00:00,2520,2530,2490,2520,31491500
19/02/2024 16:00:00,2510,2510,2430,2430,35027700
20/02/2024 16:00:00,2440,2470,2400,2430,57998500
21/02/2024 16:00:00,2430,2440,2400,2420,28164400
22/02/2024 16:00:00,2420,2440,2390,2440,28109200
23/02/2024 16:00:00,2440,2450,2410,2420,15467200
26/02/2024 16:00:00,2420,2420,2360,2370,48399600
27/02/2024 16:00:00,2400,2410,2360,2380,36577400
28/02/2024 16:00:00,2390,2410,2380,2400,23551500
29/02/2024 16:00:00,2410,2420,2390,2420,38652900
01/03/2024 16:00:00,2450,2490,2430,2490,60143900
04/03/2024 16:00:00,2520,2550,2500,2540,72476200
05/03/2024 16:00:00,2550,2630,2550,2630,84971100
06/03/2024 16:00:00,2630,2700,2590,2670,91548800
07/03/2024 16:00:00,2670,2730,2640,2700,77030200
08/03/2024 16:00:00,2700,2720,2660,2670,33227300
13/03/2024 16:00:00,2670,2670,2590,2600,51867100
14/03/2024 16:00:00,2600,2670,2600,2670,42981600
15/03/2024 16:00:00,2670,2670,2610,2660,168791600
18/03/2024 16:00:00,2650,2670,2630,2630,25311200
19/03/2024 16:00:00,2630,2660,2620,2630,22185600
20/03/2024 16:00:00,2630,2660,2610,2650,22774100
21/03/2024 16:00:00,2650,2700,2630,2650,37138200
22/03/2024 16:00:00,2650,2680,2650,2650,17572900
25/03/2024 16:00:00,2670,2670,2650,2670,34644500
26/03/2024 16:00:00,2750,2750,2670,2740,49687500
27/03/2024 16:00:00,2740,2760,2710,2720,31905100
28/03/2024 16:00:00,2740,2760,2660,2700,56468900
01/04/2024 16:00:00,2700,2700,2610,2640,31687700
02/04/2024 16:00:00,2640,2690,2620,2690,27768300
03/04/2024 16:00:00,2690,2720,2660,2680,34356700
04/04/2024 16:00:00,2670,2720,2650,2690,23186300
05/04/2024 16:00:00,2690,2720,2670,2700,15325400
16/04/2024 16:00:00,2740,2840,2730,2810,136392000
17/04/2024 16:00:00,2810,2830,2750,2750,40039100
18/04/2024 16:00:00,2770,2770,2710,2730,34871800
19/04/2024 16:00:00,2740,2790,2710,2760,48533700
22/04/2024 16:00:00,2770,2800,2750,2750,30188300
23/04/2024 16:00:00,2750,2800,2740,2750,19332900
24/04/2024 16:00:00,2750,2770,2660,2680,39036900
25/04/2024 16:00:00,2670,2690,2610,2620,32557400
26/04/2024 16:00:00,2620,2670,2600,2600,28055500
29/04/2024 16:00:00,2630,2680,2550,2670,27687400
30/04/2024 16:00:00,2680,2740,2650,2710,24498900
02/05/2024 16:00:00,2720,2770,2680,2730,49490600
03/05/2024 16:00:00,2730,2740,2700,2730,20510200
06/05/2024 16:00:00,2760,2850,2730,2850,56512000
07/05/2024 16:00:00,2850,2860,2790,2810,25684100
08/05/2024 16:00:00,2810,2870,2810,2870,43532500
13/05/2024 16:00:00,2870,2970,2850,2950,64339500
14/05/2024 16:00:00,2950,2950,2870,2880,26634100
15/05/2024 16:00:00,2890,2960,2830,2830,44476800
16/05/2024 16:00:00,2840,2890,2840,2880,33454900
17/05/2024 16:00:00,2890,2900,2840,2880,28090300
20/05/2024 16:00:00,2880,2920,2860,2910,27290300
21/05/2024 16:00:00,2910,2950,2870,2880,41137800
22/05/2024 16:00:00,2900,2920,2850,2920,31385400
27/05/2024 16:00:00,2920,2940,2860,2870,70609900
28/05/2024 16:00:00,2600,2710,2600,2690,85173300
29/05/2024 16:00:00,2690,2710,2660,2680,23084900
30/05/2024 16:00:00,2680,2770,2680,2740,47278200
31/05/2024 16:00:00,2750,2810,2730,2770,95437800
03/06/2024 16:00:00,2800,2930,2800,2930,84422500
04/06/2024 16:00:00,2900,2940,2850,2920,64394000
05/06/2024 16:00:00,2900,2910,2840,2870,40235800
06/06/2024 16:00:00,2880,2880,2820,2850,24301800
07/06/2024 16:00:00,2850,2890,2820,2840,25352600
10/06/2024 16:00:00,2840,2850,2710,2750,48405800
11/06/2024 16:00:00,2750,2770,2720,2720,27025700
12/06/2024 16:00:00,2740,2810,2730,2790,41923800
13/06/2024 16:00:00,2820,2830,2750,2780,23164500
14/06/2024 16:00:00,2810,2810,2740,2780,23154400
19/06/2024 16:00:00,2780,2790,2640,2660,45623700
20/06/2024 16:00:00,2690,2730,2660,2730,18168000
21/06/2024 16:00:00,2730,2780,2720,2730,43444700
24/06/2024 16:00:00,2730,2740,2700,2720,15497700
25/06/2024 16:00:00,2710,2720,2680,2710,17174800
26/06/2024 16:00:00,2710,2760,2700,2750,18956900
27/06/2024 16:00:00,2750,2780,2720,2750,24919400
28/06/2024 16:00:00,2750,2800,2750,2790,29761900
01/07/2024 16:00:00,2790,2840,2760,2800,20224300
02/07/2024 16:00:00,2800,2860,2800,2840,23640200
03/07/2024 16:00:00,2850,2920,2840,2890,37201100
04/07/2024 16:00:00,2900,2910,2860,2860,21481400
05/07/2024 16:00:00,2870,2910,2860,2910,19036800
08/07/2024 16:00:00,2910,2910,2880,2900,19287600
09/07/2024 16:00:00,2910,2920,2880,2900,33908500
10/07/2024 16:00:00,2900,2930,2880,2900,15583800
11/07/2024 16:00:00,2900,2900,2860,2860,14109100
12/07/2024 16:00:00,2850,2860,2800,2830,31624700
15/07/2024 16:00:00,2830,2870,2830,2870,28322100
16/07/2024 16:00:00,2900,2900,2850,2870,15556100
17/07/2024 16:00:00,2890,2910,2870,2900,30254100
18/07/2024 16:00:00,2890,3040,2870,3030,103268300
19/07/2024 16:00:00,3040,3150,3040,3100,112245400
22/07/2024 16:00:00,3100,3230,3100,3190,67919400
23/07/2024 16:00:00,3190,3240,3130,3130,33527400
24/07/2024 16:00:00,3140,3190,3120,3170,34903800
25/07/2024 16:00:00,3160,3200,3120,3130,32062500
26/07/2024 16:00:00,3150,3190,3130,3180,26608400
29/07/2024 16:00:00,3180,3220,3170,3180,27176600
30/07/2024 16:00:00,3200,3250,3180,3230,46439400
31/07/2024 16:00:00,3250,3270,3200,3220,44870200
01/08/2024 16:00:00,3220,3250,3170,3250,36345400
02/08/2024 16:00:00,3240,3370,3230,3320,72656600
05/08/2024 16:00:00,3270,3270,3070,3090,136208200
06/08/2024 16:00:00,3160,3200,3080,3180,92352300
07/08/2024 16:00:00,3210,3270,3200,3230,52500700
08/08/2024 16:00:00,3210,3230,3160,3190,33577900
09/08/2024 16:00:00,3210,3220,3150,3180,38362100
12/08/2024 16:00:00,3190,3240,3180,3240,55556900
13/08/2024 16:00:00,3250,3270,3190,3230,57590400
14/08/2024 16:00:00,3230,3240,3200,3220,32403100
15/08/2024 16:00:00,3220,3220,3170,3210,35270300
16/08/2024 16:00:00,3230,3300,3230,3280,75452400
19/08/2024 16:00:00,3270,3300,3240,3280,27875100
20/08/2024 16:00:00,3280,3290,3240,3270,28237200
21/08/2024 16:00:00,3280,3300,3240,3260,40796800
22/08/2024 16:00:00,3240,3390,3200,3360,113355100
23/08/2024 16:00:00,3370,3480,3370,3470,118011400
26/08/2024 16:00:00,3490,3500,3430,3490,50557000
27/08/2024 16:00:00,3510,3570,3460,3520,66094200
28/08/2024 16:00:00,3550,3560,3500,3530,50932800
29/08/2024 16:00:00,3540,3590,3500,3520,63218700
30/08/2024 16:00:00,3540,3590,3510,3560,95767700
02/09/2024 16:00:00,3590,3650,3570,3610,96348100
03/09/2024 16:00:00,3610,3630,3560,3600,45068100
04/09/2024 16:00:00,3540,3630,3490,3560,73571700
05/09/2024 16:00:00,3560,3570,3460,3550,64913100
06/09/2024 16:00:00,3530,3540,3460,3470,45222100
09/09/2024 16:00:00,3470,3500,3390,3490,82176000
10/09/2024 16:00:00,3490,3560,3440,3490,74744100
11/09/2024 16:00:00,3490,3530,3470,3520,81318300
12/09/2024 16:00:00,3920,4050,3800,3850,531570400
13/09/2024 16:00:00,3840,3840,3660,3670,208787000
17/09/2024 16:00:00,3670,3780,3570,3760,136509300
18/09/2024 16:00:00,3760,3780,3640,3650,101840000
19/09/2024 16:00:00,3660,3700,3580,3660,127737900
20/09/2024 16:00:00,3670,3740,3640,3690,152237900