date,sell,buy
2024-10-11,1432610,1396794
2024-10-10,1424822,1389201
2024-10-09,1432749,1396930
2024-10-08,1432889,1397066
2024-10-07,1429635,1393894
2024-10-06,1423376,1387791
2024-10-05,1423376,1387791
2024-10-04,1422963,1387388
2024-10-03,1419813,1384317
2024-10-02,1414718,1379350
2024-10-01,1403756,1368662
2024-09-30,1414498,1379135
2024-09-29,1412940,1377616
2024-09-28,1412940,1377616
2024-09-27,1412590,1377275
2024-09-26,1411602,1376311
2024-09-25,1411600,1376310
2024-09-24,1394535,1359671
2024-09-23,1406524,1371360
2024-09-22,1391905,1357107
2024-09-21,1391905,1357107
2024-09-20,1391434,1356648
2024-09-19,1384317,1349709
2024-09-18,1391331,1356547
2024-09-17,1394407,1359546
2024-09-16,1381513,1346975
2024-09-15,1381924,1347375
2024-09-14,1381924,1347375
2024-09-13,1381459,1346922
2024-09-12,1367384,1333199
2024-09-11,1369180,1334950
2024-09-10,1358255,1324298
2024-09-09,1357207,1323276
2024-09-08,1371560,1337271
2024-09-07,1371560,1337271
2024-09-06,1371193,1336913
2024-09-05,1368174,1333969
2024-09-04,1365176,1331046
2024-09-03,1363139,1329060
2024-09-02,1360283,1326275
2024-09-01,1367652,1333460
2024-08-31,1367652,1333460
2024-08-30,1367288,1333105
2024-08-29,1366257,1332100
2024-08-28,1364208,1330102
2024-08-27,1369301,1335068
2024-08-26,1369246,1335014
2024-08-25,1357643,1323701
2024-08-24,1357643,1323701
2024-08-23,1357318,1323385
2024-08-22,1364271,1330164
2024-08-21,1369190,1334960
2024-08-20,1373308,1338975
2024-08-19,1373244,1338912
2024-08-18,1361786,1327741
2024-08-17,1361786,1327741
2024-08-16,1361359,1327325
2024-08-15,1369136,1334907
2024-08-14,1374038,1339687
2024-08-13,1377314,1342881
2024-08-12,1359362,1325377
2024-08-11,1368624,1334408
2024-08-10,1368624,1334408
2024-08-09,1368193,1333988
2024-08-08,1357162,1323232
2024-08-07,1357148,1323219
2024-08-06,1366190,1332035
2024-08-05,1371185,1336905
2024-08-04,1380760,1346241
2024-08-03,1380760,1346241
2024-08-02,1380552,1346038
2024-08-01,1384567,1349952
2024-07-31,1368455,1334243
2024-07-30,1358349,1324390
2024-07-29,1359447,1325460
2024-07-28,1335534,1302145
2024-07-27,1335534,1302145
2024-07-26,1335165,1301785
2024-07-25,1349038,1315312
2024-07-24,1355419,1321533
2024-07-23,1352327,1318518
2024-07-22,1352268,1318461
2024-07-21,1367671,1333479
2024-07-20,1367671,1333479
2024-07-19,1367271,1333089
2024-07-18,1374550,1340186
2024-07-17,1365647,1331505
2024-07-16,1351520,1317732
2024-07-15,1347393,1313708
2024-07-14,1347735,1314041
2024-07-13,1347735,1314041
2024-07-12,1347257,1313575
2024-07-11,1334290,1300932
2024-07-10,1328281,1295073
2024-07-09,1337212,1303781
2024-07-08,1344236,1310630
2024-07-07,1329730,1296486
2024-07-06,1329730,1296486
2024-07-05,1329321,1296087
2024-07-04,1326253,1293096
2024-07-03,1313303,1280470
2024-07-02,1316149,1283245
2024-07-01,1311141,1278362
2024-06-30,1308529,1275815
2024-06-29,1308529,1275815
2024-06-28,1308148,1275444
2024-06-27,1298156,1265702
2024-06-26,1309031,1276305
2024-06-25,1314137,1281283
2024-06-24,1308144,1275440
2024-06-23,1319552,1286563
2024-06-22,1319552,1286563
2024-06-21,1319273,1286291
2024-06-20,1303377,1270792
2024-06-19,1297191,1264761
2024-06-18,1290210,1257954
2024-06-17,1282258,1250201
2024-06-16,1282725,1250656
2024-06-15,1282725,1250656
2024-06-14,1282321,1250262
2024-06-13,1290030,1257779
2024-06-12,1287091,1254913
2024-06-11,1279112,1247134
2024-06-10,1278064,1246112
2024-06-09,1313358,1280524
2024-06-08,1313358,1280524
2024-06-07,1312966,1280141
2024-06-06,1297273,1264841
2024-06-05,1285247,1253115
2024-06-04,1297125,1264696
2024-06-03,1283155,1251076
2024-06-02,1286501,1254338
2024-06-01,1286501,1254338
2024-05-31,1286211,1254055
2024-05-30,1278230,1246274
2024-05-29,1286194,1254039
2024-05-28,1281140,1249111
2024-05-27,1276158,1244254
2024-05-26,1274400,1242540
2024-05-25,1274400,1242540
2024-05-24,1274069,1242217
2024-05-23,1305092,1272464
2024-05-22,1305342,1272708
2024-05-21,1306391,1273731
2024-05-20,1298379,1265919
2024-05-19,1291723,1259429
2024-05-18,1291723,1259429
2024-05-17,1291290,1259007
2024-05-16,1302092,1269539
2024-05-15,1280104,1248101
2024-05-14,1273184,1241354
2024-05-13,1281113,1249085
2024-05-12,1276613,1244697
2024-05-11,1276613,1244697
2024-05-10,1276205,1244299
2024-05-09,1257408,1225972
2024-05-08,1256960,1225536
2024-05-07,1265969,1234319
2024-05-06,1259031,1227555
2024-05-05,1267213,1235532
2024-05-04,1267213,1235532
2024-05-03,1266787,1235117
2024-05-02,1275895,1243997
2024-05-01,1273402,1241566
2024-04-30,1273050,1241223
2024-04-29,1274172,1242317
2024-04-28,1268595,1236880
2024-04-27,1268595,1236880
2024-04-26,1268213,1236507
2024-04-25,1268093,1236390
2024-04-24,1269076,1237349
2024-04-23,1273986,1242136
2024-04-22,1291670,1259378
2024-04-21,1293706,1261363
2024-04-20,1293706,1261363
2024-04-19,1293238,1260907
2024-04-18,1284375,1252265
2024-04-17,1271482,1239694
2024-04-16,1271403,1239617
2024-04-15,1269139,1237410
2024-04-14,1228683,1197965
2024-04-13,1228683,1197965
2024-04-12,1228584,1197869
2024-04-11,1228157,1197453
2024-04-10,1228076,1197374
2024-04-09,1228102,1197399
2024-04-08,1227973,1197273
2024-04-07,1228358,1197649
2024-04-06,1228358,1197649
2024-04-05,1227848,1197151
2024-04-04,1230773,1200003
2024-04-03,1221803,1191257
2024-04-02,1203757,1173663
2024-04-01,1201618,1171577
2024-03-31,1170992,1141717
2024-03-30,1170992,1141717
2024-03-29,1167669,1138477
2024-03-28,1167572,1138382
2024-03-27,1159574,1130584
2024-03-26,1155476,1126589
2024-03-25,1145521,1116882
2024-03-24,1152065,1123263
2024-03-23,1152065,1123263
2024-03-22,1152467,1123655
2024-03-21,1162327,1133268
2024-03-20,1142402,1113841
2024-03-19,1142394,1113834
2024-03-18,1135450,1107063
2024-03-17,1135054,1106677
2024-03-16,1135054,1106677
2024-03-15,1135418,1107032
2024-03-14,1145325,1116691
2024-03-13,1142348,1113789
2024-03-12,1152217,1123411
2024-03-11,1145347,1116713
2024-03-10,1144998,1116373
2024-03-09,1144998,1116373
2024-03-08,1145293,1116660
2024-03-07,1141326,1112792
2024-03-06,1128389,1100179
2024-03-05,1121454,1093417
2024-03-04,1106381,1078721
2024-03-03,1084130,1057026
2024-03-02,1084130,1057026
2024-03-01,1084298,1057190
2024-02-29,1080307,1053299
2024-02-28,1078972,1051997
2024-02-27,1076959,1050035
2024-02-26,1079891,1052893
2024-02-25,1074889,1048016
2024-02-24,1074889,1048016
2024-02-23,1075159,1048280
2024-02-22,1075136,1048257
2024-02-21,1074180,1047325
2024-02-20,1071229,1044448
2024-02-19,1068183,1041478
2024-02-18,1060902,1034379
2024-02-17,1060902,1034379
2024-02-16,1061148,1034619
2024-02-15,1058171,1031716
2024-02-14,1078907,1051934
2024-02-13,1078993,1052018
2024-02-12,1079047,1052070
2024-02-11,1078796,1051826
2024-02-10,1078796,1051826
2024-02-09,1079131,1052152
2024-02-08,1079177,1052197
2024-02-07,1079238,1052257
2024-02-06,1073299,1046466
2024-02-05,1082162,1055107
2024-02-04,1092825,1065504
2024-02-03,1092825,1065504
2024-02-02,1093118,1065790
2024-02-01,1085240,1058109
2024-01-31,1086292,1059134
2024-01-30,1084278,1057171
2024-01-29,1080744,1053725
2024-01-28,1071914,1045116
2024-01-27,1071914,1045116
2024-01-26,1072246,1045439
2024-01-25,1066360,1039701
2024-01-24,1070247,1043490
2024-01-23,1067265,1040583
2024-01-22,1069218,1042487
2024-01-21,1067890,1041192
2024-01-20,1067890,1041192
2024-01-19,1068226,1041520
2024-01-18,1058230,1031774
2024-01-17,1064188,1037583
2024-01-16,1076220,1049314
2024-01-15,1073269,1046437
2024-01-14,1066964,1040289
2024-01-13,1066964,1040289
2024-01-12,1067307,1040624
2024-01-11,1062241,1035684
2024-01-10,1063220,1036639
2024-01-09,1064238,1037632
2024-01-08,1070135,1043381
2024-01-07,1067937,1041238
2024-01-06,1067937,1041238
2024-01-05,1068283,1041575
2024-01-04,1066255,1039598
2024-01-03,1072229,1045423
2024-01-02,1072304,1045496
2024-01-01,1072905,1046082
2023-12-31,1072898,1046075
2023-12-30,1072898,1046075
2023-12-29,1073235,1046404
2023-12-28,1083254,1056172
2023-12-27,1080202,1053196
2023-12-26,1080149,1053145
2023-12-25,1069926,1043177
2023-12-24,1069941,1043192
2023-12-23,1069941,1043192
2023-12-22,1070302,1043544
2023-12-21,1063227,1036646
2023-12-20,1067207,1040526
2023-12-19,1060268,1033761
2023-12-18,1056219,1029813
2023-12-17,1067809,1041113
2023-12-16,1067809,1041113
2023-12-15,1068206,1041500
2023-12-14,1067208,1040527
2023-12-13,1042179,1016124
2023-12-12,1036220,1010314
2023-12-11,1050180,1023925
2023-12-10,1058799,1032329
2023-12-09,1058799,1032329
2023-12-08,1059167,1032687
2023-12-07,1059225,1032744
2023-12-06,1053259,1026927
2023-12-05,1065100,1038472
2023-12-04,1077191,1050261
2023-12-03,1058069,1031617
2023-12-02,1058069,1031617
2023-12-01,1058299,1031841
2023-11-30,1062281,1035723
2023-11-29,1062240,1035684
2023-11-28,1054218,1027862
2023-11-27,1052182,1025877
2023-11-26,1046865,1020693
2023-11-25,1046865,1020693
2023-11-24,1047193,1021013
2023-11-23,1038229,1012273
2023-11-22,1040288,1014280
2023-11-21,1038242,1012285
2023-11-20,1040028,1014027
2023-11-19,1037776,1011831
2023-11-18,1037776,1011831
2023-11-17,1038083,1012130
2023-11-16,1037174,1011244
2023-11-15,1037041,1011114
2023-11-14,1032145,1006341
2023-11-13,1027110,1001432
2023-11-12,1034736,1008867
2023-11-11,1034736,1008867
2023-11-10,1035090,1009212
2023-11-09,1030164,1004409
2023-11-08,1037115,1011187
2023-11-07,1042114,1016061
2023-11-06,1047105,1020927
2023-11-05,1046900,1020727
2023-11-04,1046900,1020727
2023-11-03,1047237,1021056
2023-11-02,1052264,1025957
2023-11-01,1052332,1026023
2023-10-31,1052389,1026079
2023-10-30,1052352,1026043
2023-10-29,1047089,1020911
2023-10-28,1047089,1020911
2023-10-27,1047335,1021151
2023-10-26,1047319,1021136
2023-10-25,1047323,1021139
2023-10-24,1047206,1021025
2023-10-23,1047305,1021122
2023-10-22,1046995,1020820
2023-10-21,1046995,1020820
2023-10-20,1047342,1021158
2023-10-19,1036242,1010335
2023-10-18,1029264,1003532
2023-10-17,1028704,1002986
2023-10-16,1032243,1006436
2023-10-15,1020644,995127
2023-10-14,1020644,995127
2023-10-13,1020232,994726
2023-10-12,1020058,994556
2023-10-11,1011044,985767
2023-10-10,1011009,985733
2023-10-09,991958,967159
2023-10-08,992171,967366
2023-10-07,992171,967366
2023-10-06,991828,967032
2023-10-05,991790,966995
2023-10-04,988789,964069
2023-10-03,987829,963133
2023-10-02,997809,972863
2023-10-01,1002151,977097
2023-09-30,1002151,977097
2023-09-29,999398,974413
2023-09-28,1008844,983622
2023-09-27,1008911,983688
2023-09-26,1014925,989551
2023-09-25,1020919,995396
2023-09-24,1020594,995079
2023-09-23,1020594,995079
2023-09-22,1020913,995390
2023-09-21,1023859,998262
2023-09-20,1029130,1003401
2023-09-19,1030131,1004377
2023-09-18,1024088,998485
2023-09-17,1017417,991981
2023-09-16,1017417,991981
2023-09-15,1017107,991679
2023-09-14,1015010,989634
2023-09-13,1017033,991607
2023-09-12,1020014,994513
2023-09-11,1020091,994588
2023-09-10,1018385,992925
2023-09-09,1018385,992925
2023-09-08,1018116,992663
2023-09-07,1014062,988710
2023-09-06,1019055,993578
2023-09-05,1025046,999419
2023-09-04,1026048,1000396
2023-09-03,1023497,997909
2023-09-02,1023497,997909
2023-09-01,1023475,997888
2023-08-31,1026472,1000810
2023-08-30,1024476,998864
2023-08-29,1017424,991988
2023-08-28,1012442,987130
2023-08-27,1016415,991004
2023-08-26,1016415,991004
2023-08-25,1016432,991021
2023-08-24,1016405,990994
2023-08-23,1009472,984235
2023-08-22,1005385,980250
2023-08-21,1004378,979268
2023-08-20,1007356,982172
2023-08-19,1007356,982172
2023-08-18,1007387,982202
2023-08-17,1010388,985128
2023-08-16,1010409,985148
2023-08-15,1007428,982242
2023-08-14,1008443,983231
2023-08-13,1010463,985201
2023-08-12,1010463,985201
2023-08-11,1010483,985220
2023-08-10,1012402,987091
2023-08-09,1013413,988077
2023-08-08,1017439,992003
2023-08-07,1021429,995893
2023-08-06,1017450,992013
2023-08-05,1017450,992013
2023-08-04,1017462,992025
2023-08-03,1015446,990059
2023-08-02,1018493,993030
2023-08-01,1025445,999808
2023-07-31,1018568,993103
2023-07-30,1015523,990134
2023-07-29,1015523,990134
2023-07-28,1015517,990129
2023-07-27,1023379,997794
2023-07-26,1022486,996923
2023-07-25,1018443,992981
2023-07-24,1019466,993979
2023-07-23,1021553,996014
2023-07-22,1021553,996014
2023-07-21,1021862,996315
2023-07-20,1024889,999266
2023-07-19,1016944,991520
2023-07-18,1016925,991501
2023-07-17,1017817,992371
2023-07-16,1024490,998877
2023-07-15,1024490,998877
2023-07-14,1024769,999149
2023-07-13,1026761,1001091
2023-07-12,1018414,992953
2023-07-11,1011459,986172
2023-07-10,1009027,983801
2023-07-09,1001329,976295
2023-07-08,1001329,976295
2023-07-07,1000996,975971
2023-07-06,1003917,978819
2023-07-05,1007936,982737
2023-07-04,1004924,979800
2023-07-03,1004935,979811
2023-07-02,1004215,979109
2023-07-01,1004215,979109
2023-06-30,1003873,978776
2023-06-29,1003831,978735
2023-06-28,1003832,978736
2023-06-27,1003851,978754
2023-06-26,998409,973448
2023-06-25,999240,974259
2023-06-24,999240,974259
2023-06-23,998970,973995
2023-06-22,1005309,980176
2023-06-21,1005321,980187
2023-06-20,1008369,983159
2023-06-19,1010451,985189
2023-06-17,1011342,986058
2023-06-16,1011050,985773
2023-06-15,1002999,977924
2023-06-14,1003992,978892
2023-06-13,1009941,984692
2023-06-12,1011956,986657
2023-06-11,1012298,986990
2023-06-10,1012298,986990
2023-06-09,1011979,986679
2023-06-08,1003028,977952
2023-06-07,1010986,985711
2023-06-06,1015128,989749
2023-06-05,1008130,982926
2023-06-04,1005449,980312
2023-06-03,1005449,980312
2023-06-02,1005126,979997
2023-06-01,1005480,980343
2023-05-31,1005205,980074
2023-05-30,999211,974230
2023-05-29,998208,973252
2023-05-27,994541,969677
2023-05-26,994228,969372
2023-05-25,999204,974223
2023-05-24,1006149,980995
2023-05-23,1006124,980970
2023-05-22,1006130,980976
2023-05-20,998527,973563
2023-05-19,998241,973284
2023-05-18,1008995,983770
2023-05-17,1006114,980961
2023-05-16,1012201,986895
2023-05-15,1012249,986942
2023-05-13,1015573,990183
2023-05-12,1015252,989870
2023-05-11,1023809,998213
2023-05-10,1023764,998169
2023-05-09,1014781,989411
2023-05-08,1012206,986900
2023-05-06,1027619,1001928
2023-05-05,1027308,1001625
2023-05-04,1027280,1001598
2023-05-03,1014184,988829
2023-05-02,1003081,978003
2023-05-01,1012339,987030
2023-04-29,1012344,987035
2023-04-28,1012016,986715
2023-04-27,1009521,984282
2023-04-26,1012177,986872
2023-04-25,1015512,990124
2023-04-24,1012607,987291
2023-04-22,1012653,987336
2023-04-21,1012660,987343
2023-04-20,1012662,987345
2023-04-19,1012687,987369
2023-04-18,1005219,980088
2023-04-17,1013703,988360
2023-04-15,1029575,1003835
2023-04-14,1029549,1003810
2023-04-13,1018992,993517
2023-04-12,1018026,992575
2023-04-11,1020172,994667
2023-04-10,1023286,997703
2023-04-08,1025666,1000024
2023-04-07,1025670,1000028
2023-04-06,1025735,1000091
2023-04-05,1029710,1003967
2023-04-04,1023154,992459
2023-04-03,1011989,986689
2023-04-01,1025539,999900
2023-03-31,1025531,999892
2023-03-30,1019593,994103
2023-03-29,1028473,1002761
2023-03-28,1024508,998895
2023-03-27,1032720,1006902
2023-03-24,1027433,1001747
2023-03-23,1029275,1003543
2023-03-22,1029383,1003648
2023-03-21,1029414,1003678
2023-03-20,1029443,1003706
2023-03-18,1004580,979465
2023-03-17,1004522,979408
2023-03-16,1010532,985268
2023-03-15,1001603,976562
2023-03-14,1002589,977524
2023-03-13,1001174,976144
2023-03-11,980341,955832
2023-03-10,980337,955828
2023-03-09,971330,947046
2023-03-08,968278,944071
2023-03-07,980363,955853
2023-03-06,981375,956840
2023-03-04,975267,950885
2023-03-03,975277,950895
2023-03-02,974330,949971
2023-03-01,971233,946952
2023-02-28,966313,942155
2023-02-27,959358,935374
2023-02-25,963343,939259
2023-02-24,963344,939260
2023-02-23,962311,938253
2023-02-22,966276,942119
2023-02-21,969282,945049
2023-02-20,967265,943083
2023-02-18,966282,942124
2023-02-17,966288,942130
2023-02-16,966255,942098
2023-02-15,976281,951873
2023-02-14,974303,949945
2023-02-13,976359,951950
2023-02-11,976349,951940
2023-02-10,976337,951928
2023-02-09,980303,955795
2023-02-08,975335,950951
2023-02-07,965409,941273
2023-02-06,964423,940312
2023-02-04,976581,952166
2023-02-03,976540,952126
2023-02-02,987428,962742
2023-02-01,975541,951152
2023-01-31,975547,951158
2023-01-30,976493,952080
2023-01-28,977601,953160
2023-01-27,977608,953167
2023-01-26,982563,957998
2023-01-25,986531,961867
2023-01-24,986483,961820
2023-01-23,986538,961874
2023-01-21,986427,961766
2023-01-20,986442,961780
2023-01-19,977546,953107
2023-01-18,972508,948195
2023-01-17,979623,955132
2023-01-16,988539,963825
2023-01-14,987394,962709
2023-01-13,987412,962726
2023-01-12,982439,957878
2023-01-11,982535,957971
2023-01-10,982564,957999
2023-01-09,980583,956068
2023-01-07,969581,945341
2023-01-06,969608,945367
2023-01-05,976543,952129
2023-01-04,971548,947259
2023-01-03,970373,946113
2023-01-02,969372,945137
2022-12-31,964380,940270
2022-12-30,964362,940252
2022-12-29,959437,935451
2022-12-28,961549,937510
2022-12-27,954401,930540
2022-12-26,951403,927617
2022-12-24,949342,925608
2022-12-23,949346,925612
2022-12-22,959432,935446
2022-12-21,960432,936421
2022-12-20,950354,926595
2022-12-19,951371,927586
2022-12-17,946424,922763
2022-12-16,946419,922758
2022-12-15,952405,928594
2022-12-14,952379,928569
2022-12-13,943397,919812
2022-12-12,945446,921809
2022-12-10,945406,921770
2022-12-09,945413,921777
2022-12-08,941435,917899
2022-12-07,931496,908208
2022-12-06,931509,908221
2022-12-05,944333,920724
2022-12-03,944313,920705
2022-12-02,944352,920743
2022-12-01,934216,910860
2022-11-30,927293,904110
2022-11-29,924313,901205
2022-11-28,926367,903207
2022-11-26,926355,903196
2022-11-25,926363,903203
2022-11-24,927318,904135
2022-11-23,924260,901153
2022-11-22,922184,899129
2022-11-21,931385,908100
2022-11-19,934446,911084
2022-11-18,934437,911076
2022-11-17,935550,912161
2022-11-16,935550,912161
2022-11-15,926438,903277
2022-11-14,923400,900315
2022-11-12,925222,902091
2022-11-11,925222,902091
2022-11-10,911950,889151
2022-11-09,911147,888368
2022-11-08,901601,879060
2022-11-07,901303,878770
2022-11-05,892684,870366
2022-11-04,892681,870363
2022-11-03,892168,869863
2022-11-02,895169,872789
2022-11-01,889220,866989
2022-10-31,891607,869316
2022-10-29,896664,874247
2022-10-28,896679,874262
2022-10-27,898865,876393
2022-10-26,894445,872083
2022-10-25,894969,872594
2022-10-24,897977,875527
2022-10-22,890478,868216
2022-10-21,890614,868348
2022-10-20,887611,865420
2022-10-19,892994,870669
2022-10-18,892563,870248
2022-10-17,888477,866265
2022-10-15,893156,870827
2022-10-14,893128,870799
2022-10-13,897800,875355
2022-10-12,891928,869629
2022-10-11,891506,869218
2022-10-10,901291,878758
2022-10-08,904158,881554
2022-10-07,904088,881485
2022-10-06,904199,881594
2022-10-05,907559,884870
2022-10-04,900388,877878
2022-09-30,892480,870168
2022-09-29,890470,868208
2022-09-28,882430,860369
2022-09-27,880420,858409
2022-09-26,882430,860369
2022-09-23,892480,870168
2022-09-22,890470,868208
2022-09-21,890470,868208
2022-09-20,895495,873107
2022-09-19,894490,872127
2022-09-16,887455,865268
2022-09-15,892890,870567
2022-09-14,897705,875262
2022-09-13,903928,881329
2022-09-12,902264,879707
2022-09-10,901520,878982
2022-09-09,901469,878932
2022-09-08,896248,873841
2022-09-07,892116,869813
2022-09-06,898170,875715
2022-09-05,897936,875487
2022-09-03,894249,871892
2022-09-02,894236,871880
2022-09-01,891778,869483
2022-08-31,899799,877304
2022-08-30,906380,883720
2022-08-29,905184,882554
2022-08-27,909012,886286
2022-08-26,909382,886647
2022-08-25,910796,890303
2022-08-24,908518,888076
2022-08-23,906238,885847
2022-08-22,905865,885483
2022-08-20,909161,888704
2022-08-19,909405,888943
2022-08-18,911677,891164
2022-08-17,915597,894996
2022-08-16,916071,895459
2022-08-15,922292,901540
2022-08-13,925635,904808
2022-08-12,925189,904372
2022-08-11,928866,907966
2022-08-10,930462,909526
2022-08-09,932823,911834
2022-08-08,926647,905797
2022-08-06,931711,910747
2022-08-05,932046,911074
2022-08-04,923439,902661
2022-08-03,918156,897497
2022-08-02,923733,902949
2022-08-01,919074,898394
2022-07-30,914634,894054
2022-07-29,914661,894081
2022-07-28,912997,892454
2022-07-27,907562,887141
2022-07-26,907479,887060
2022-07-25,910341,889858
2022-07-23,907303,886888
2022-07-22,907308,886893
2022-07-21,896497,878567
2022-07-20,900041,882040
2022-07-19,899719,881724
2022-07-18,899919,881920
2022-07-16,899801,881804
2022-07-15,899817,881820
2022-07-14,904678,886584
2022-07-13,902853,884795
2022-07-12,906472,888342
2022-07-11,907216,889071
2022-07-09,906665,888531
2022-07-08,907087,888945
2022-07-07,914166,895882
2022-07-06,912750,894495
2022-07-05,925599,907087
2022-07-04,928500,909930
2022-07-02,924795,906299
2022-07-01,924041,905560
2022-06-30,928720,910145
2022-06-29,928127,909564
2022-06-28,928580,910008
2022-06-27,934341,915654
2022-06-25,935403,916694
2022-06-24,935358,916650
2022-06-23,936062,919680
2022-06-22,934288,917937
2022-06-21,936003,919622
2022-06-20,935920,919541
2022-06-18,935278,918910
2022-06-17,936695,920302
2022-06-16,931796,915489
2022-06-15,924076,907904
2022-06-14,921617,905488
2022-06-13,929816,913544
2022-06-11,925221,909029
2022-06-10,924111,907939
2022-06-09,919917,903818
2022-06-08,919931,903832
2022-06-07,915311,899293
2022-06-06,919407,903317
2022-06-04,923541,907379
2022-06-03,923884,907716
2022-06-02,926123,909915
2022-06-01,924211,908037
2022-05-31,926862,910641
2022-05-30,927208,910981
2022-05-28,927838,911600
2022-05-27,927843,911605
2022-05-26,927087,910862
2022-05-25,930320,914039
2022-05-24,927586,911353
2022-05-23,925331,909137
2022-05-21,922931,906779
2022-05-20,922914,906763
2022-05-19,914700,898692
2022-05-18,913705,897715
2022-05-17,915577,899554
2022-05-16,909180,893269
2022-05-14,911914,895955
2022-05-13,911924,895965
2022-05-12,915896,899867
2022-05-11,916307,900271
2022-05-10,917879,901816
2022-05-09,918811,902731
2022-05-07,923967,907797
2022-05-06,924982,908794
2022-05-05,927197,910971
2022-05-04,922068,905931
2022-05-03,921173,905052
2022-05-02,920977,904859
2022-04-30,923948,907778
2022-04-29,928303,912057
2022-04-28,920785,904671
2022-04-27,923982,907812
2022-04-26,924371,908194
2022-04-25,928345,912098
2022-04-23,938394,921972
2022-04-22,938767,922338
2022-04-21,940505,924046
2022-04-20,940487,924028
2022-04-19,946386,929824
2022-04-18,952185,935521
2022-04-16,948233,931638
2022-04-15,948254,931659
2022-04-14,947864,931276
2022-04-13,945872,929319
2022-04-12,942887,926386
2022-04-11,938390,921968
2022-04-09,933236,916904
2022-04-08,933201,916869
2022-04-07,929744,913473
2022-04-06,930319,914038
2022-04-05,936458,920069
2022-04-04,934820,918460
2022-04-02,934378,918026
2022-04-01,935028,918665
2022-03-31,933136,916806
2022-03-30,931272,914974
2022-03-29,930688,914400
2022-03-28,940870,924404
2022-03-26,933111,916781
2022-03-25,935298,918930
2022-03-24,934237,917887
2022-03-23,918315,902244
2022-03-22,922526,906381
2022-03-21,918876,902795
2022-03-19,921082,904963
2022-03-18,923161,907005
2022-03-17,926836,910616
2022-03-16,916984,900936
2022-03-15,920921,904804
2022-03-14,937104,920704
2022-03-12,940812,924347
2022-03-11,937935,921521
2022-03-10,941515,925038
2022-03-09,948019,931428
2022-03-08,978409,961286
2022-03-07,942123,925635
2022-03-05,935876,919498
2022-03-04,921037,904918
2022-03-03,919142,903057
2022-03-02,919538,903446
2022-03-01,912911,896935
2022-02-28,915266,899248
2022-02-26,915291,899273
2022-02-25,915291,899273
2022-02-24,913472,897486
2022-02-23,903887,888068
2022-02-22,900421,884663
2022-02-21,896285,880600
2022-02-19,900052,884301
2022-02-18,899919,884170
2022-02-17,897933,882219
2022-02-16,880387,864980
2022-02-15,882026,866590
2022-02-14,890412,874829
2022-02-12,886522,871007
2022-02-11,875424,860104
2022-02-10,875681,860356
2022-02-09,873008,857730
2022-02-08,871902,856643
2022-02-07,867257,852080
2022-02-05,863977,848857
2022-02-04,862627,847531
2022-02-03,860566,845506
2022-02-02,862455,847362
2022-02-01,862089,847002
2022-01-31,857874,842861
2022-01-29,859310,844272
2022-01-28,859314,844276
2022-01-27,878174,862805
2022-01-26,886358,870846
2022-01-25,882080,866643
2022-01-24,880554,865144
2022-01-22,875203,859886
2022-01-21,880799,865385
2022-01-20,881309,865886
2022-01-19,871757,856501
2022-01-18,867884,852696
2022-01-17,869575,854357
2022-01-15,869367,854153
2022-01-14,869367,854153
2022-01-13,868995,853787
2022-01-12,869225,854013
2022-01-11,862123,847035
2022-01-10,857824,842812
2022-01-08,858789,843760
2022-01-07,858792,843763
2022-01-06,860624,845563
2022-01-05,869848,854625
2022-01-04,866194,851035
2022-01-03,860407,845349
2022-01-01,859460,844419
2021-12-31,859460,844419
2021-12-30,860269,845214
2021-12-29,857276,842273
2021-12-28,862891,847790
2021-12-27,859578,844535
2021-12-25,860311,845255
2021-12-24,860311,845255
2021-12-23,859167,844131
2021-12-22,856222,841238
2021-12-21,857877,842864
2021-12-20,863554,848441
2021-12-18,866459,851295
2021-12-17,866456,851293
2021-12-16,856446,841458
2021-12-15,847284,832456
2021-12-14,848749,833895
2021-12-13,856009,841028
2021-12-11,854767,839808
2021-12-10,855761,840785
2021-12-09,852758,837834
2021-12-08,854117,839169
2021-12-07,856338,841352
2021-12-06,858244,843224
2021-12-04,856756,841762
2021-12-03,851087,836192
2021-12-02,850419,835536
2021-12-01,856547,841557
2021-11-30,854509,839555
2021-11-29,854522,839567
2021-11-27,856116,841133
2021-11-26,856120,841137
2021-11-25,854286,839335
2021-11-24,849652,834783
2021-11-23,852105,837193
2021-11-22,876272,860937
2021-11-20,880311,864905
2021-11-19,884477,868998
2021-11-18,887692,872157
2021-11-17,886924,871402
2021-11-16,885554,870056
2021-11-15,885820,870318
2021-11-13,885836,870333
2021-11-12,882433,866990
2021-11-11,886342,870831
2021-11-10,884178,868704
2021-11-09,870946,855704
2021-11-08,868183,852989
2021-11-06,868353,853156
2021-11-05,860530,845470
2021-11-04,860386,845329
2021-11-03,843064,828310
2021-11-02,852616,837695
2021-11-01,852534,837614
2021-10-30,851436,836535
2021-10-29,851436,836535
2021-10-28,851518,836616
2021-10-27,849553,834685
2021-10-26,846946,832124
2021-10-25,855345,840376
2021-10-23,846118,831310
2021-10-22,842545,827800
2021-10-21,843067,828313
2021-10-20,838938,824256
2021-10-19,834785,820176
2021-10-18,836242,821607
2021-10-16,832951,818374
2021-10-15,835201,820584
2021-10-14,848797,833943
2021-10-13,848744,833890
2021-10-12,836182,821548
2021-10-11,834939,820327
2021-10-09,835248,820631
2021-10-08,835720,821094
2021-10-07,835600,820977
2021-10-06,839967,825267
2021-10-05,839211,824524
2021-10-04,842040,827304
2021-10-02,841431,826705
2021-10-01,840786,826072
2021-09-30,832379,817812
2021-09-29,830243,815713
2021-09-28,828607,814106
2021-09-27,836132,821499
2021-09-25,832959,818382
2021-09-24,834113,819516
2021-09-23,842109,827372
2021-09-22,846125,831317
2021-09-21,843560,828797
2021-09-20,836753,822109
2021-09-18,834736,820128
2021-09-17,835803,821176
2021-09-16,837047,822398
2021-09-15,854086,839139
2021-09-14,855098,840133
2021-09-13,851455,836554
2021-09-11,846529,831714
2021-09-10,849824,834952
2021-09-09,848221,833377
2021-09-08,847329,832500
2021-09-07,855209,840242
2021-09-06,866764,851595
2021-09-04,871247,856000
2021-09-03,872771,857497
2021-09-02,864525,849395
2021-09-01,864627,849496
2021-08-31,866564,851399
2021-08-30,872748,857474
2021-08-28,868530,853330
2021-08-27,868527,853327
2021-08-26,863257,848150
2021-08-25,860646,845584
2021-08-24,868525,853325
2021-08-23,867418,852238
2021-08-21,861492,846415
2021-08-20,861492,846415
2021-08-19,859077,844043
2021-08-18,856584,841593
2021-08-17,851856,836948
2021-08-16,854330,839379
2021-08-14,851374,836474
2021-08-13,848183,833339
2021-08-12,836418,821780
2021-08-11,835180,820564
2021-08-10,826132,811674
2021-08-09,827004,812531
2021-08-07,840364,825657
2021-08-06,841219,826497
2021-08-05,860115,845062
2021-08-04,861197,846126
2021-08-03,863790,848673
2021-08-02,871022,855779
2021-07-31,866350,851188
2021-07-30,867169,851993
2021-07-29,870775,855536
2021-07-28,867818,852631
2021-07-27,870126,854898
2021-07-26,868866,853660
2021-07-24,868351,853154
2021-07-23,862481,847387
2021-07-22,858846,843816
2021-07-21,865416,850271
2021-07-20,875404,860084
2021-07-19,870344,855112
2021-07-17,870306,855075
2021-07-16,870210,854981
2021-07-15,873560,858272
2021-07-14,877539,862182
2021-07-13,871102,855857
2021-07-12,870366,855134
2021-07-10,874926,859614
2021-07-09,874733,859425
2021-07-08,871316,856067
2021-07-07,871685,856430
2021-07-06,877411,862056
2021-07-05,870835,855595
2021-07-03,871730,856474
2021-07-02,869839,854616
2021-07-01,866787,851618
2021-06-30,866254,851094
2021-06-29,865384,850239
2021-06-28,861615,846536
2021-06-26,865225,850083
2021-06-25,865225,850083
2021-06-24,862097,847010
2021-06-23,868890,853684
2021-06-22,859393,844353
2021-06-21,864744,849610
2021-06-19,855735,840759
2021-06-18,857848,842835
2021-06-17,849479,834613
2021-06-16,881959,866524
2021-06-15,881957,866522
2021-06-14,884174,868700
2021-06-12,880317,864911
2021-06-11,879898,864499
2021-06-10,891113,875518
2021-06-09,894341,878690
2021-06-08,892359,876742
2021-06-07,892740,877117
2021-06-05,893855,878212
2021-06-04,894654,878997
2021-06-03,893666,878026
2021-06-02,896732,881039
2021-06-01,894482,878828
2021-05-31,896029,880348
2021-05-29,891690,876085
2021-05-28,891690,876085
2021-05-27,891844,876236
2021-05-26,880451,865043
2021-05-25,873806,858514
2021-05-24,896280,880595
2021-05-22,873926,858632
2021-05-21,873926,858632
2021-05-20,880663,865251
2021-05-19,888494,872945
2021-05-18,863211,848104
2021-05-17,878696,863318
2021-05-15,871204,855957
2021-05-14,868619,853418
2021-05-13,857758,842747
2021-05-12,861237,846165
2021-05-11,865891,850737
2021-05-10,864635,849503
2021-05-07,873458,858172
2021-05-06,862805,847705
2021-05-05,854396,839444
2021-05-04,852150,837237
2021-05-03,860186,845132
2021-05-01,847720,832884
2021-04-30,847099,832274
2021-04-29,849107,834247
2021-04-28,862097,847010
2021-04-27,864367,849240
2021-04-26,853203,838271
2021-04-24,854901,839940
2021-04-23,853753,838812
2021-04-22,857768,842757
2021-04-21,865340,850196
2021-04-20,855151,840185
2021-04-19,859879,844831
2021-04-17,863787,848670
2021-04-16,864948,849811
2021-04-15,864177,849053
2021-04-14,850223,835344
2021-04-13,853679,838739
2021-04-12,850627,835741
2021-04-10,851601,836697
2021-04-09,851844,836936
2021-04-08,862576,847480
2021-04-07,853067,838138
2021-04-06,860585,845524
2021-04-05,859774,844727
2021-04-02,859992,844942
2021-04-01,859646,844602
2021-03-31,847628,832794
2021-03-30,831733,817177
2021-03-29,841558,826830
2021-03-26,847942,833103
2021-03-25,852275,837360
2021-03-24,851444,836543
2021-03-23,847505,832673
2021-03-22,852711,837788
2021-03-19,851339,836440
2021-03-18,848594,833743
2021-03-17,849384,834519
2021-03-16,851671,836766
2021-03-15,846652,831835
2021-03-13,844796,830012
2021-03-12,834751,820142
2021-03-11,847603,832769
2021-03-10,844957,830170
2021-03-09,848064,833222
2021-03-08,826811,812341
2021-03-06,832948,818371
2021-03-05,830703,816165
2021-03-04,841189,826468
2021-03-03,833309,818726
2021-03-02,846065,831258
2021-03-01,849803,834931
2021-02-27,839119,824434
2021-02-26,844526,829746
2021-02-25,843820,829053
2021-02-24,858630,843603
2021-02-23,868063,852871
2021-02-22,872554,857284
2021-02-20,856058,841076
2021-02-19,857925,842911
2021-02-18,851590,836687
2021-02-17,852685,837763
2021-02-16,862550,847455
2021-02-15,866072,850915
2021-02-13,872346,857079
2021-02-12,866826,851656
2021-02-11,880293,864887
2021-02-10,879560,864167
2021-02-09,877259,861906
2021-02-08,880417,865009
2021-02-06,869937,854713
2021-02-05,866927,851755
2021-02-04,849147,834286
2021-02-03,868476,853277
2021-02-02,870378,855146
2021-02-01,884965,869478
2021-01-30,877581,862223
2021-01-29,883633,868169
2021-01-28,886817,871297
2021-01-27,878453,863080
2021-01-26,884096,868624
2021-01-25,879767,864371
2021-01-23,881098,865678
2021-01-22,880720,865307
2021-01-21,884977,869489
2021-01-20,887370,871841
2021-01-19,878266,862896
2021-01-18,874393,859091
2021-01-16,864127,849004
2021-01-15,866388,851226
2021-01-14,873197,857916
2021-01-13,878497,863123
2021-01-12,877061,861712
2021-01-11,875964,860634
2021-01-09,865848,850695
2021-01-08,872875,857599
2021-01-07,894077,878430
2021-01-06,892212,876598
2021-01-05,908201,892307
2021-01-04,907460,891579
2021-01-02,903333,887524
2021-01-01,902636,886839
2020-12-31,896424,880736
2020-12-30,889805,874233
2020-12-29,892693,877070
2020-12-28,900372,884615
2020-12-25,896416,880728
2020-12-24,894424,878771
2020-12-23,895895,880216
2020-12-22,893022,877394
2020-12-21,893683,878043
2020-12-20,897796,882084
2020-12-18,900012,884261
2020-12-17,905602,889753
2020-12-16,889043,873484
2020-12-15,887094,871569
2020-12-14,877043,861694
2020-12-12,880468,865059
2020-12-11,883419,867959
2020-12-10,880125,864722
2020-12-09,882592,867146
2020-12-08,895954,880274
2020-12-07,896038,880357
2020-12-05,888804,873249
2020-12-04,889429,873863
2020-12-03,886341,870830
2020-12-02,881096,865676
2020-12-01,873657,858368
2020-11-30,855814,840837
2020-11-28,862133,847045
2020-11-27,860354,845297
2020-11-26,873172,857891
2020-11-25,873497,858210
2020-11-24,873586,858298
2020-11-23,883677,868212
2020-11-21,907725,891839
2020-11-20,908691,892788
2020-11-19,895254,879587
2020-11-18,903697,887882
2020-11-17,904657,888825
2020-11-16,905699,889849
2020-11-14,917726,901665
2020-11-13,918016,901950
2020-11-12,910268,894338
2020-11-11,893136,877506
2020-11-10,896331,880645
2020-11-09,893959,878314
2020-11-07,942366,925874
2020-11-06,938616,922190
2020-11-05,945688,929138
2020-11-04,940743,924279
2020-11-03,938962,922530
2020-11-02,940336,923880
2020-10-31,933763,917422
2020-10-30,935297,918929
2020-10-29,931981,915671
2020-10-28,931391,915091
2020-10-27,948204,931610
2020-10-26,945841,929288
2020-10-24,944367,927840
2020-10-23,942045,925559
2020-10-22,941679,925199
2020-10-21,955382,938662
2020-10-20,943409,926899
2020-10-19,946261,929701
2020-10-17,948010,931419
2020-10-16,948606,932005
2020-10-15,946680,930113
2020-10-14,957568,928840
2020-10-13,945357,916996
2020-10-12,951955,923396
2020-10-10,973540,944333
2020-10-09,972213,943046
2020-10-08,952964,924375
2020-10-07,950397,921885
2020-10-06,955799,927125
2020-10-05,969944,940845
2020-10-03,961857,933001
2020-10-02,962916,934028
2020-10-01,967721,938689
2020-09-30,963753,934840
2020-09-29,964646,935706
2020-09-28,962909,934021
2020-09-26,950825,922300
2020-09-25,950184,921678
2020-09-24,957353,928632
2020-09-23,948171,919725
2020-09-22,962184,933318
2020-09-21,941664,913414
2020-09-18,975396,946134
2020-09-17,971347,942206
2020-09-16,982475,953000
2020-09-15,982672,953191
2020-09-14,981605,952156
2020-09-12,975817,946542
2020-09-11,980544,951127
2020-09-10,980330,950920
2020-09-09,975356,946095
2020-09-08,966071,937088
2020-09-07,966398,937406
2020-09-05,963933,935015
2020-09-04,960839,932013
2020-09-03,962880,933993
2020-09-02,965570,936602
2020-09-01,965524,936558
2020-08-31,964374,935442
2020-08-29,972988,943798
2020-08-28,974510,945274
2020-08-27,977801,948466
2020-08-26,958173,929427
2020-08-25,940899,912672
2020-08-24,954282,925653
2020-08-22,949406,920923
2020-08-21,942231,913964
2020-08-20,947856,919420
2020-08-19,969501,940415
2020-08-18,992438,962664
2020-08-17,993692,963881
2020-08-15,971295,942156
2020-08-14,970689,941568
2020-08-13,970708,941586
2020-08-12,954251,925623
2020-08-11,958206,929459
2020-08-10,998003,968062
2020-08-08,993351,963550
2020-08-07,992908,963120
2020-08-06,998380,968428
2020-08-05,988712,959050
2020-08-04,973483,944278
2020-08-03,958088,929345
2020-08-01,955903,927225
2020-07-31,955217,926560
2020-07-30,941121,912887
2020-07-29,938223,910076
2020-07-28,933632,905623
2020-07-27,940039,911837
2020-07-25,920289,892680
2020-07-24,919713,892121
2020-07-23,914517,887081
2020-07-22,903296,876197
2020-07-21,903159,876064
2020-07-20,895210,868353
2020-07-18,893324,866524
2020-07-17,890567,863849
2020-07-16,882213,855746
2020-07-15,879849,853453
2020-07-14,880335,853924
2020-07-13,876666,850366
2020-07-11,877494,851169
2020-07-10,879188,852812
2020-07-09,875444,849180
2020-07-08,878636,852276
2020-07-07,873708,847496
2020-07-06,869912,843814
2020-07-03,868696,842635
2020-07-02,864190,838264
2020-07-01,848698,823237
2020-06-30,862041,836179
2020-06-29,848349,822898
2020-06-28,848589,823131
2020-06-27,848695,823234
2020-06-26,845544,820177
2020-06-25,840588,815370
2020-06-24,839966,814767
2020-06-23,850450,824936
2020-06-22,838919,813751
2020-06-20,840165,814960
2020-06-19,840356,815145
2020-06-18,826742,801939
2020-06-17,830831,805906
2020-06-16,827182,802366
2020-06-15,829320,804440
2020-06-13,831546,806599
2020-06-12,834497,809462
2020-06-11,823086,798393
2020-06-10,819904,795306
2020-06-09,825551,800784
2020-06-08,817597,793069
2020-06-06,806646,782446
2020-06-05,803029,778938
2020-06-04,835121,810067
2020-06-03,819231,794654
2020-06-02,843148,817853
2020-06-01,859270,833491
2020-05-30,856297,830608
2020-05-29,857583,831855
2020-05-28,857779,832045
2020-05-27,842906,817618
2020-05-26,852703,827121
2020-05-25,861413,835570
2020-05-23,863646,837736
2020-05-22,863181,837285
2020-05-21,863403,837500
2020-05-20,871118,844984
2020-05-19,868289,842240
2020-05-18,871850,845694
2020-05-16,876479,850184
2020-05-15,875179,848923
2020-05-14,866075,840092
2020-05-13,856414,830721
2020-05-12,855137,829482
2020-05-11,848834,823368
2020-05-09,857605,831876
2020-05-08,861708,835856
2020-05-06,859386,833604
2020-05-05,856021,830340
2020-05-04,861666,835816
2020-04-30,868357,842306
2020-04-29,873891,847674
2020-04-28,878455,852101
2020-04-27,884501,857965
2020-04-24,895516,868650
2020-04-23,898625,871666
2020-04-22,891254,864516
2020-04-21,882040,855578
2020-04-20,867747,841714
2020-04-17,889127,862453
2020-04-16,910296,882987
2020-04-15,893641,866831
2020-04-14,902433,875360
2020-04-13,903061,875969
2020-04-10,915009,887558
2020-04-09,898252,871304
2020-04-08,886977,860367
2020-04-07,884537,858000
2020-04-06,879153,852778
2020-04-03,861185,835349
2020-04-02,852558,826981
2020-04-01,848121,822677
2020-03-31,850136,824631
2020-03-30,845947,820568
2020-03-27,841771,816517
2020-03-26,844919,819571
2020-03-24,864045,838123
2020-03-23,789698,766007
2020-03-20,788541,764884
2020-03-19,736649,714549
2020-03-18,751599,729051
2020-03-17,739636,717446
2020-03-16,753396,730794
2020-03-14,750412,727899
2020-03-13,775762,752489
2020-03-12,753892,731275
2020-03-11,784053,760531
2020-03-10,791379,767637
2020-03-09,795268,771409
2020-03-06,790922,767194
2020-03-05,766913,743905
2020-03-04,765818,742843
2020-03-03,749748,727255
2020-03-02,765073,742120
2020-02-28,769597,746509
2020-02-27,762267,739398
2020-02-26,760676,737855
2020-02-25,757383,734661
2020-02-24,772445,749271
2020-02-21,747927,725489
2020-02-20,735240,713182
2020-02-19,732318,710348
2020-02-18,720757,699134
2020-02-17,718525,696969
2020-02-14,717023,695512
2020-02-13,715559,694092
2020-02-12,709609,688320
2020-02-11,713692,692281
2020-02-10,717523,695997
2020-02-07,710767,689443
2020-02-06,708428,687175
2020-02-05,709937,688638
2020-02-04,718000,696460
2020-02-03,718465,696911
2020-01-31,716899,695392
2020-01-30,718156,696611
2020-01-29,711425,690082
2020-01-28,716557,695060
2020-01-27,714275,692846
2020-01-24,706427,685234
2020-01-23,705227,684070
2020-01-22,708365,687114
2020-01-21,706438,685244
2020-01-20,708904,687636
2020-01-17,707782,686548
2020-01-16,705992,684812
2020-01-15,708473,687218
2020-01-14,702221,681154
2020-01-13,707682,686451
2020-01-10,713502,692096
2020-01-09,714172,692746
2020-01-08,734354,712323
2020-01-07,725842,704066
2020-01-06,733044,711052
2020-01-03,715728,694256
2020-01-02,704639,683499
2019-12-31,707630,686401
2019-12-30,703535,682428
2019-12-27,703179,682083
2019-12-26,702207,681140
2019-12-23,692427,671654
2019-12-20,689974,669274
2019-12-19,688568,667910
2019-12-18,691578,670830
2019-12-17,692579,671801
2019-12-16,690059,669357
2019-12-13,687606,666977
2019-12-12,690099,669396
2019-12-11,686517,665921
2019-12-10,684575,664037
2019-12-09,684949,664400
2019-12-06,690769,670045
2019-12-05,693574,672766
2019-12-04,699248,678270
2019-12-03,690274,669565
2019-12-02,686657,666057
2019-11-29,686145,665560
2019-11-28,686459,665865
2019-11-27,686773,666169
2019-11-26,685583,665015
2019-11-25,686477,665882
2019-11-22,691159,670424
2019-11-21,695050,674198
2019-11-20,696668,675767
2019-11-19,692131,671367
2019-11-18,687110,666496
2019-11-15,689639,668949
2019-11-14,692475,671700
2019-11-13,687922,667284
2019-11-12,683038,662546
2019-11-11,686809,666204
2019-11-08,689581,668893
2019-11-07,698076,677133
2019-11-06,695222,674365
2019-11-05,704327,679675
2019-11-04,709155,684334
2019-11-01,711575,686669
2019-10-31,704681,680017
2019-10-30,700374,675860
2019-10-29,701392,676843
2019-10-28,706124,681409
2019-10-25,706341,681619
2019-10-24,699861,675365
2019-10-23,700743,676216
2019-10-22,697181,672779
2019-10-21,700984,676449
2019-10-18,703072,678464
2019-10-17,704616,679954
2019-10-16,703714,679084
2019-10-15,707582,682816
2019-10-14,704093,679449
